,time_stats.send_recv.min,time_stats.send_recv.max,time_stats.send_recv.mean,time_stats.send_recv.median,time_stats.send_recv.std,rank,num_workers,size,collective,devices_per_node,max_devices_per_node
0,0.011,0.018000000000000002,0.014666666666666666,0.015,0.002867441755680877,0,2,2048,send_recv,1,2
1,0.018000000000000002,0.019,0.018333333333333337,0.018000000000000002,0.00047140452079103045,0,2,10240,send_recv,1,2
2,0.018000000000000002,0.02,0.019000000000000003,0.019,0.0008164965809277254,0,2,18432,send_recv,1,2
3,0.019,0.022,0.02033333333333333,0.02,0.0012472191289246467,0,2,26624,send_recv,1,2
4,0.024,0.073,0.04066666666666666,0.025,0.022866763848189992,0,2,34816,send_recv,1,2
5,0.024,0.026000000000000002,0.025000000000000005,0.025,0.0008164965809277268,0,2,43008,send_recv,1,2
6,0.026000000000000002,0.026000000000000002,0.026000000000000006,0.026000000000000002,3.469446951953614e-18,0,2,51200,send_recv,1,2
7,0.026000000000000002,0.027,0.02666666666666667,0.027,0.00047140452079103045,0,2,59392,send_recv,1,2
8,0.028,0.031,0.029333333333333333,0.029,0.0012472191289246467,0,2,67584,send_recv,1,2
9,0.029,0.032,0.03,0.029,0.0014142135623730948,0,2,75776,send_recv,1,2
10,0.029,0.03,0.029666666666666664,0.03,0.00047140452079103045,0,2,83968,send_recv,1,2
11,0.03,0.035,0.03266666666666667,0.033,0.0020548046676563273,0,2,92160,send_recv,1,2
12,0.036000000000000004,0.04,0.03833333333333334,0.039,0.0016996731711975933,0,2,100352,send_recv,1,2
13,0.037,0.039,0.038,0.038,0.0008164965809277268,0,2,108544,send_recv,1,2
14,0.041,0.045,0.043333333333333335,0.044,0.0016996731711975933,0,2,116736,send_recv,1,2
15,0.037,0.04,0.038,0.037,0.0014142135623730965,0,2,124928,send_recv,1,2
16,0.038,0.04,0.039,0.039,0.0008164965809277268,0,2,133120,send_recv,1,2
17,0.038,0.039,0.03833333333333333,0.038,0.00047140452079103207,0,2,141312,send_recv,1,2
18,0.037,0.042,0.03966666666666666,0.04,0.0020548046676563273,0,2,149504,send_recv,1,2
19,0.041,0.045,0.042666666666666665,0.042,0.0016996731711975933,0,2,157696,send_recv,1,2
20,0.043000000000000003,0.046,0.044333333333333336,0.044,0.0012472191289246458,0,2,165888,send_recv,1,2
21,0.047,0.055,0.05066666666666667,0.05,0.003299831645537222,0,2,174080,send_recv,1,2
22,0.047,0.05,0.04800000000000001,0.047,0.0014142135623730963,0,2,182272,send_recv,1,2
23,0.046,0.048,0.04700000000000001,0.047,0.0008164965809277268,0,2,190464,send_recv,1,2
24,0.049,0.053,0.05100000000000001,0.051000000000000004,0.0016329931618554506,0,2,198656,send_recv,1,2
25,0.051000000000000004,0.054,0.05266666666666667,0.053,0.001247219128924645,0,2,206848,send_recv,1,2
26,0.05,0.054,0.052,0.052000000000000005,0.0016329931618554508,0,2,215040,send_recv,1,2
27,0.05,0.052000000000000005,0.05100000000000001,0.051000000000000004,0.0008164965809277268,0,2,223232,send_recv,1,2
28,0.055,0.058,0.05633333333333334,0.056,0.0012472191289246482,0,2,231424,send_recv,1,2
29,0.064,0.068,0.06633333333333334,0.067,0.0016996731711975965,0,2,239616,send_recv,1,2
30,0.056,0.058,0.057,0.057,0.0008164965809277268,0,2,247808,send_recv,1,2
31,0.058,0.06,0.058666666666666666,0.058,0.000942809041582061,0,2,256000,send_recv,1,2
32,0.057,0.058,0.05766666666666667,0.058,0.00047140452079103207,0,2,264192,send_recv,1,2
33,0.058,0.06,0.059,0.059000000000000004,0.0008164965809277239,0,2,272384,send_recv,1,2
34,0.062,0.063,0.06266666666666666,0.063,0.00047140452079103207,0,2,280576,send_recv,1,2
35,0.062,0.075,0.07033333333333334,0.074,0.005906681715556449,0,2,288768,send_recv,1,2
36,0.064,0.065,0.06433333333333334,0.064,0.00047140452079103207,0,2,296960,send_recv,1,2
37,0.07100000000000001,0.07200000000000001,0.07166666666666667,0.07200000000000001,0.00047140452079103207,0,2,305152,send_recv,1,2
38,0.07200000000000001,0.075,0.07333333333333333,0.073,0.0012472191289246432,0,2,313344,send_recv,1,2
39,0.068,0.07100000000000001,0.06966666666666667,0.07,0.0012472191289246482,0,2,321536,send_recv,1,2
40,0.067,0.079,0.07166666666666667,0.069,0.005249338582674539,0,2,329728,send_recv,1,2
41,0.068,0.085,0.07500000000000001,0.07200000000000001,0.00725718035235908,0,2,337920,send_recv,1,2
42,0.07200000000000001,0.073,0.07266666666666667,0.073,0.00047140452079102557,0,2,346112,send_recv,1,2
43,0.073,0.075,0.07366666666666666,0.073,0.0009428090415820641,0,2,354304,send_recv,1,2
44,0.076,0.078,0.077,0.077,0.0008164965809277268,0,2,362496,send_recv,1,2
45,0.077,0.078,0.07733333333333332,0.077,0.00047140452079103207,0,2,370688,send_recv,1,2
46,0.079,0.09,0.08366666666666667,0.082,0.004642796092394704,0,2,378880,send_recv,1,2
47,0.081,0.1,0.09033333333333333,0.09,0.007760297817881879,0,2,387072,send_recv,1,2
48,0.078,0.08,0.07933333333333333,0.08,0.0009428090415820641,0,2,395264,send_recv,1,2
49,0.082,0.084,0.08266666666666667,0.082,0.0009428090415820641,0,2,403456,send_recv,1,2
50,0.084,0.08700000000000001,0.08533333333333333,0.085,0.0012472191289246482,0,2,411648,send_recv,1,2
51,0.085,0.08700000000000001,0.08566666666666667,0.085,0.0009428090415820641,0,2,419840,send_recv,1,2
52,0.08600000000000001,0.089,0.08733333333333333,0.08700000000000001,0.0012472191289246422,0,2,428032,send_recv,1,2
53,0.10200000000000001,0.109,0.106,0.107,0.002943920288775945,0,2,436224,send_recv,1,2
54,0.09,0.093,0.09133333333333334,0.091,0.0012472191289246482,0,2,444416,send_recv,1,2
55,0.091,0.095,0.09233333333333334,0.091,0.0018856180831641283,0,2,452608,send_recv,1,2
56,0.094,0.096,0.09466666666666668,0.094,0.0009428090415820641,0,2,460800,send_recv,1,2
57,0.092,0.096,0.09433333333333334,0.095,0.0016996731711975965,0,2,468992,send_recv,1,2
58,0.097,0.099,0.09800000000000002,0.098,0.0008164965809277268,0,2,477184,send_recv,1,2
59,0.101,0.117,0.10633333333333335,0.101,0.007542472332656507,0,2,485376,send_recv,1,2
60,0.10200000000000001,0.107,0.10433333333333335,0.10400000000000001,0.002054804667656321,0,2,493568,send_recv,1,2
61,0.105,0.106,0.10566666666666667,0.106,0.00047140452079103207,0,2,501760,send_recv,1,2
62,0.098,0.108,0.10233333333333333,0.101,0.004189935029992175,0,2,509952,send_recv,1,2
63,0.105,0.11,0.10833333333333334,0.11,0.0023570226039551605,0,2,518144,send_recv,1,2
64,0.105,0.109,0.10766666666666667,0.109,0.0018856180831641283,0,2,526336,send_recv,1,2
65,0.127,0.129,0.128,0.128,0.0008164965809277268,0,2,534528,send_recv,1,2
66,0.109,0.111,0.11033333333333334,0.111,0.0009428090415820641,0,2,542720,send_recv,1,2
67,0.113,0.114,0.11333333333333334,0.113,0.00047140452079103207,0,2,550912,send_recv,1,2
68,0.115,0.11900000000000001,0.11733333333333335,0.11800000000000001,0.0016996731711975965,0,2,559104,send_recv,1,2
69,0.115,0.116,0.11533333333333334,0.115,0.00047140452079103207,0,2,567296,send_recv,1,2
70,0.115,0.122,0.11866666666666666,0.11900000000000001,0.002867441755680873,0,2,575488,send_recv,1,2
71,0.121,0.14400000000000002,0.135,0.14,0.010033277962194949,0,2,583680,send_recv,1,2
72,0.12,0.125,0.12233333333333334,0.122,0.0020548046676563273,0,2,591872,send_recv,1,2
73,0.12,0.124,0.12166666666666666,0.121,0.0016996731711975965,0,2,600064,send_recv,1,2
74,0.125,0.127,0.12633333333333333,0.127,0.0009428090415820641,0,2,608256,send_recv,1,2
75,0.121,0.13,0.12533333333333332,0.125,0.0036817870057290905,0,2,616448,send_recv,1,2
76,0.125,0.131,0.12766666666666668,0.127,0.0024944382578492965,0,2,624640,send_recv,1,2
77,0.152,0.158,0.15466666666666665,0.154,0.0024944382578492965,0,2,632832,send_recv,1,2
78,0.131,0.136,0.13366666666666668,0.134,0.0020548046676563273,0,2,641024,send_recv,1,2
79,0.133,0.138,0.136,0.137,0.0021602468994692888,0,2,649216,send_recv,1,2
80,0.133,0.136,0.135,0.136,0.0014142135623730965,0,2,657408,send_recv,1,2
81,0.133,0.137,0.13533333333333333,0.136,0.0016996731711975963,0,2,665600,send_recv,1,2
82,0.134,0.14,0.137,0.137,0.00244948974278318,0,2,673792,send_recv,1,2
83,0.138,0.139,0.1386666666666667,0.139,0.00047140452079103207,0,2,681984,send_recv,1,2
84,0.14,0.171,0.16033333333333336,0.17,0.01438363267359428,0,2,690176,send_recv,1,2
85,0.14200000000000002,0.148,0.1446666666666667,0.14400000000000002,0.0024944382578492843,0,2,698368,send_recv,1,2
86,0.14100000000000001,0.14400000000000002,0.1426666666666667,0.14300000000000002,0.0012472191289246482,0,2,706560,send_recv,1,2
87,0.147,0.148,0.14766666666666664,0.148,0.00047140452079103207,0,2,714752,send_recv,1,2
88,0.148,0.151,0.14966666666666664,0.15,0.0012472191289246482,0,2,722944,send_recv,1,2
89,0.15,0.17400000000000002,0.15966666666666665,0.155,0.010338708279513891,0,2,731136,send_recv,1,2
90,0.154,0.186,0.165,0.155,0.014854853303438128,0,2,739328,send_recv,1,2
91,0.156,0.17500000000000002,0.16233333333333333,0.156,0.00895668589502961,0,2,747520,send_recv,1,2
92,0.157,0.158,0.15733333333333333,0.157,0.00047140452079103207,0,2,755712,send_recv,1,2
93,0.156,0.161,0.158,0.157,0.0021602468994692888,0,2,763904,send_recv,1,2
94,0.163,0.165,0.164,0.164,0.0008164965809277268,0,2,772096,send_recv,1,2
95,0.159,0.165,0.16233333333333333,0.163,0.0024944382578492965,0,2,780288,send_recv,1,2
96,0.168,0.19,0.18200000000000002,0.188,0.009933109617167556,0,2,788480,send_recv,1,2
97,0.161,0.166,0.16366666666666665,0.164,0.0020548046676563273,0,2,796672,send_recv,1,2
98,0.164,0.17,0.16633333333333333,0.165,0.002624669291337273,0,2,804864,send_recv,1,2
99,0.164,0.17300000000000001,0.16833333333333333,0.168,0.00368178700572909,0,2,813056,send_recv,1,2
100,0.169,0.171,0.17033333333333334,0.171,0.0009428090415820641,0,2,821248,send_recv,1,2
101,0.2,0.209,0.20433333333333334,0.20400000000000001,0.0036817870057290784,0,2,829440,send_recv,1,2
102,0.168,0.176,0.17266666666666666,0.17400000000000002,0.0033993463423951835,0,2,837632,send_recv,1,2
103,0.17400000000000002,0.178,0.17566666666666667,0.17500000000000002,0.0016996731711975837,0,2,845824,send_recv,1,2
104,0.17200000000000001,0.178,0.17433333333333334,0.17300000000000001,0.00262466929133726,0,2,854016,send_recv,1,2
105,0.17400000000000002,0.177,0.17533333333333334,0.17500000000000002,0.0012472191289246359,0,2,862208,send_recv,1,2
106,0.17400000000000002,0.211,0.18900000000000003,0.182,0.01589549202342181,0,2,870400,send_recv,1,2
107,0.18,0.183,0.18166666666666664,0.182,0.0012472191289246482,0,2,878592,send_recv,1,2
108,0.183,0.184,0.18366666666666664,0.184,0.00047140452079103207,0,2,886784,send_recv,1,2
109,0.183,0.186,0.18400000000000002,0.183,0.0014142135623730963,0,2,894976,send_recv,1,2
110,0.187,0.189,0.18800000000000003,0.188,0.0008164965809277268,0,2,903168,send_recv,1,2
111,0.185,0.194,0.18866666666666668,0.187,0.0038586123009300786,0,2,911360,send_recv,1,2
112,0.184,0.19,0.18666666666666668,0.186,0.0024944382578492965,0,2,919552,send_recv,1,2
113,0.224,0.227,0.226,0.227,0.0014142135623730963,0,2,927744,send_recv,1,2
114,0.189,0.192,0.19033333333333333,0.19,0.0012472191289246482,0,2,935936,send_recv,1,2
115,0.193,0.197,0.19533333333333336,0.196,0.0016996731711975965,0,2,944128,send_recv,1,2
116,0.196,0.199,0.19766666666666666,0.198,0.0012472191289246482,0,2,952320,send_recv,1,2
117,0.196,0.199,0.19800000000000004,0.199,0.0014142135623730963,0,2,960512,send_recv,1,2
118,0.197,0.23500000000000001,0.22233333333333336,0.23500000000000001,0.017913371790059206,0,2,968704,send_recv,1,2
119,0.2,0.20600000000000002,0.20299999999999999,0.203,0.00244948974278318,0,2,976896,send_recv,1,2
120,0.202,0.20500000000000002,0.20400000000000004,0.20500000000000002,0.0014142135623730961,0,2,985088,send_recv,1,2
121,0.20400000000000001,0.20700000000000002,0.20566666666666666,0.20600000000000002,0.0012472191289246482,0,2,993280,send_recv,1,2
122,0.20400000000000001,0.209,0.20633333333333334,0.20600000000000002,0.002054804667656315,0,2,1001472,send_recv,1,2
123,0.20800000000000002,0.215,0.21133333333333335,0.211,0.0028674417556808674,0,2,1009664,send_recv,1,2
124,0.20400000000000001,0.257,0.23866666666666667,0.255,0.024526629518862867,0,2,1017856,send_recv,1,2
125,0.212,0.224,0.21666666666666667,0.214,0.005249338582674546,0,2,1026048,send_recv,1,2
126,0.211,0.221,0.21633333333333335,0.217,0.0041096093353126546,0,2,1034240,send_recv,1,2
127,0.212,0.222,0.21666666666666667,0.216,0.0041096093353126546,0,2,1042432,send_recv,1,2
128,0.216,0.218,0.21666666666666667,0.216,0.0009428090415820641,0,2,1048576,send_recv,1,2
129,0.222,0.224,0.22266666666666668,0.222,0.0009428090415820641,0,2,1081344,send_recv,1,2
130,0.225,0.281,0.246,0.232,0.02491318258807307,0,2,1114112,send_recv,1,2
131,0.23600000000000002,0.26,0.24433333333333332,0.23700000000000002,0.011085526098877257,0,2,1146880,send_recv,1,2
132,0.242,0.28500000000000003,0.25666666666666665,0.243,0.020038851153585533,0,2,1179648,send_recv,1,2
133,0.248,0.256,0.251,0.249,0.0035590260840104404,0,2,1212416,send_recv,1,2
134,0.255,0.257,0.25566666666666665,0.255,0.0009428090415820641,0,2,1245184,send_recv,1,2
135,0.257,0.261,0.25866666666666666,0.258,0.0016996731711975965,0,2,1277952,send_recv,1,2
136,0.266,0.268,0.26666666666666666,0.266,0.0009428090415820641,0,2,1310720,send_recv,1,2
137,0.272,0.274,0.2733333333333334,0.274,0.0009428090415820641,0,2,1343488,send_recv,1,2
138,0.327,0.332,0.3296666666666667,0.33,0.0020548046676563273,0,2,1376256,send_recv,1,2
139,0.28300000000000003,0.291,0.2856666666666667,0.28300000000000003,0.0037712361663282306,0,2,1409024,send_recv,1,2
140,0.292,0.295,0.2933333333333333,0.293,0.0012472191289246482,0,2,1441792,send_recv,1,2
141,0.294,0.296,0.2953333333333333,0.296,0.0009428090415820641,0,2,1474560,send_recv,1,2
142,0.302,0.305,0.3036666666666667,0.304,0.0012472191289246482,0,2,1507328,send_recv,1,2
143,0.306,0.315,0.311,0.312,0.0037416573867739447,0,2,1540096,send_recv,1,2
144,0.318,0.323,0.3196666666666667,0.318,0.0023570226039551605,0,2,1572864,send_recv,1,2
145,0.323,0.327,0.325,0.325,0.0016329931618554536,0,2,1605632,send_recv,1,2
146,0.331,0.333,0.33233333333333337,0.333,0.0009428090415820641,0,2,1638400,send_recv,1,2
147,0.338,0.341,0.34,0.341,0.0014142135623730965,0,2,1671168,send_recv,1,2
148,0.40900000000000003,0.41100000000000003,0.4096666666666667,0.40900000000000003,0.0009428090415820641,0,2,1703936,send_recv,1,2
149,0.35100000000000003,0.356,0.3543333333333334,0.356,0.002357022603955134,0,2,1736704,send_recv,1,2
150,0.354,0.362,0.357,0.355,0.0035590260840104404,0,2,1769472,send_recv,1,2
151,0.367,0.374,0.37166666666666665,0.374,0.003299831645537225,0,2,1802240,send_recv,1,2
152,0.369,0.377,0.37200000000000005,0.37,0.0035590260840104404,0,2,1835008,send_recv,1,2
153,0.373,0.387,0.379,0.377,0.005887840577551903,0,2,1867776,send_recv,1,2
154,0.378,0.388,0.38400000000000006,0.386,0.0043204937989385775,0,2,1900544,send_recv,1,2
155,0.389,0.393,0.391,0.391,0.0016329931618554536,0,2,1933312,send_recv,1,2
156,0.391,0.403,0.39799999999999996,0.4,0.00509901951359279,0,2,1966080,send_recv,1,2
157,0.396,0.41000000000000003,0.40266666666666673,0.402,0.005734883511361756,0,2,1998848,send_recv,1,2
158,0.401,0.41000000000000003,0.40599999999999997,0.40700000000000003,0.0037416573867739447,0,2,2031616,send_recv,1,2
159,0.41300000000000003,0.419,0.41500000000000004,0.41300000000000003,0.0028284271247461666,0,2,2064384,send_recv,1,2
160,0.423,0.443,0.434,0.436,0.008286535263104043,0,2,2097152,send_recv,1,2
161,0.432,0.442,0.4363333333333333,0.435,0.004189935029992182,0,2,2129920,send_recv,1,2
162,0.429,0.444,0.4363333333333333,0.436,0.006128258770283417,0,2,2162688,send_recv,1,2
163,0.437,0.451,0.4446666666666667,0.446,0.005792715732327594,0,2,2195456,send_recv,1,2
164,0.439,0.45,0.444,0.443,0.004546060565661956,0,2,2228224,send_recv,1,2
165,0.449,0.459,0.45566666666666666,0.459,0.004714045207910321,0,2,2260992,send_recv,1,2
166,0.462,0.468,0.465,0.465,0.00244948974278318,0,2,2293760,send_recv,1,2
167,0.467,0.47500000000000003,0.47066666666666673,0.47000000000000003,0.003299831645537225,0,2,2326528,send_recv,1,2
168,0.47200000000000003,0.488,0.47900000000000004,0.47700000000000004,0.006683312551921121,0,2,2359296,send_recv,1,2
169,0.47800000000000004,0.486,0.482,0.482,0.0032659863237108843,0,2,2392064,send_recv,1,2
170,0.489,0.501,0.49533333333333335,0.496,0.004921607686744471,0,2,2424832,send_recv,1,2
171,0.491,0.504,0.49766666666666665,0.498,0.005312459150169747,0,2,2457600,send_recv,1,2
172,0.496,0.505,0.5,0.499,0.003741657386773945,0,2,2490368,send_recv,1,2
173,0.498,0.515,0.5086666666666667,0.513,0.007586537784494035,0,2,2523136,send_recv,1,2
174,0.508,0.517,0.5116666666666666,0.51,0.0038586123009300786,0,2,2555904,send_recv,1,2
175,0.519,0.524,0.522,0.523,0.0021602468994692888,0,2,2588672,send_recv,1,2
176,0.519,0.525,0.5216666666666666,0.521,0.0024944382578492965,0,2,2621440,send_recv,1,2
177,0.524,0.538,0.53,0.528,0.005887840577551903,0,2,2654208,send_recv,1,2
178,0.534,0.544,0.54,0.542,0.0043204937989385775,0,2,2686976,send_recv,1,2
179,0.538,0.562,0.549,0.547,0.009899494936611674,0,2,2719744,send_recv,1,2
180,0.543,0.554,0.5483333333333333,0.548,0.004496912521077351,0,2,2752512,send_recv,1,2
181,0.547,0.5670000000000001,0.5573333333333333,0.558,0.008178562764256872,0,2,2785280,send_recv,1,2
182,0.5680000000000001,0.577,0.5710000000000001,0.5680000000000001,0.004242640687119236,0,2,2818048,send_recv,1,2
183,0.577,0.579,0.5776666666666667,0.577,0.0009428090415820641,0,2,2850816,send_recv,1,2
184,0.5720000000000001,0.585,0.5783333333333333,0.578,0.005312459150169703,0,2,2883584,send_recv,1,2
185,0.582,0.596,0.59,0.592,0.005887840577551903,0,2,2916352,send_recv,1,2
186,0.5750000000000001,0.597,0.5873333333333334,0.59,0.009177266598624095,0,2,2949120,send_recv,1,2
187,0.588,0.606,0.5990000000000001,0.603,0.007874007874011818,0,2,2981888,send_recv,1,2
188,0.599,0.609,0.6053333333333334,0.608,0.004496912521077351,0,2,3014656,send_recv,1,2
189,0.604,0.617,0.61,0.609,0.005354126134736342,0,2,3047424,send_recv,1,2
190,0.601,0.612,0.6063333333333333,0.606,0.004496912521077351,0,2,3080192,send_recv,1,2
191,0.616,0.634,0.6243333333333333,0.623,0.007408703590297629,0,2,3112960,send_recv,1,2
192,0.628,0.629,0.6286666666666667,0.629,0.00047140452079103207,0,2,3145728,send_recv,1,2
193,0.629,0.644,0.6346666666666666,0.631,0.006649979114420007,0,2,3178496,send_recv,1,2
194,0.627,0.635,0.6316666666666667,0.633,0.003399346342395193,0,2,3211264,send_recv,1,2
195,0.635,0.653,0.6433333333333334,0.642,0.007408703590297629,0,2,3244032,send_recv,1,2
196,0.65,0.664,0.6563333333333333,0.655,0.005792715732327594,0,2,3276800,send_recv,1,2
197,0.652,0.67,0.6613333333333333,0.662,0.00736357401145818,0,2,3309568,send_recv,1,2
198,0.669,0.677,0.6733333333333333,0.674,0.003299831645537225,0,2,3342336,send_recv,1,2
199,0.671,0.686,0.6776666666666666,0.676,0.006236095644623242,0,2,3375104,send_recv,1,2
200,0.681,0.7010000000000001,0.6890000000000001,0.685,0.008640987597877155,0,2,3407872,send_recv,1,2
201,0.68,0.707,0.691,0.686,0.011575836902790185,0,2,3440640,send_recv,1,2
202,0.7010000000000001,0.713,0.7073333333333333,0.708,0.004921607686744424,0,2,3473408,send_recv,1,2
203,0.6950000000000001,0.714,0.702,0.6970000000000001,0.008524474568362903,0,2,3506176,send_recv,1,2
204,0.707,0.725,0.7143333333333333,0.711,0.007717224601860157,0,2,3538944,send_recv,1,2
205,0.708,0.714,0.7116666666666666,0.713,0.002624669291337273,0,2,3571712,send_recv,1,2
206,0.714,0.729,0.7203333333333334,0.718,0.006342099196813488,0,2,3604480,send_recv,1,2
207,0.723,0.728,0.726,0.727,0.0021602468994692888,0,2,3637248,send_recv,1,2
208,0.727,0.75,0.7386666666666666,0.739,0.009392668535736922,0,2,3670016,send_recv,1,2
209,0.735,0.75,0.7416666666666667,0.74,0.006236095644623242,0,2,3702784,send_recv,1,2
210,0.733,0.742,0.7376666666666667,0.738,0.0036817870057290905,0,2,3735552,send_recv,1,2
211,0.746,0.759,0.7520000000000001,0.751,0.005354126134736342,0,2,3768320,send_recv,1,2
212,0.756,0.776,0.767,0.769,0.008286535263104043,0,2,3801088,send_recv,1,2
213,0.75,0.772,0.763,0.767,0.009416297927883698,0,2,3833856,send_recv,1,2
214,0.762,0.773,0.7673333333333333,0.767,0.004496912521077351,0,2,3866624,send_recv,1,2
215,0.771,0.793,0.7840000000000001,0.788,0.009416297927883698,0,2,3899392,send_recv,1,2
216,0.793,0.796,0.7946666666666667,0.795,0.0012472191289246482,0,2,3932160,send_recv,1,2
217,0.787,0.8,0.7930000000000001,0.792,0.005354126134736342,0,2,3964928,send_recv,1,2
218,0.797,0.8150000000000001,0.8046666666666668,0.802,0.007586537784494035,0,2,3997696,send_recv,1,2
219,0.797,0.809,0.8026666666666668,0.802,0.004921607686744471,0,2,4030464,send_recv,1,2
220,0.811,0.8260000000000001,0.8203333333333335,0.8240000000000001,0.006649979114420007,0,2,4063232,send_recv,1,2
221,0.804,0.834,0.82,0.8220000000000001,0.012328828005937922,0,2,4096000,send_recv,1,2
222,0.8170000000000001,0.8320000000000001,0.8223333333333334,0.8180000000000001,0.0068475461947247185,0,2,4128768,send_recv,1,2
223,0.8240000000000001,0.852,0.8413333333333334,0.848,0.012364824660660897,0,2,4161536,send_recv,1,2
224,0.838,0.862,0.851,0.853,0.009899494936611674,0,2,4194304,send_recv,1,2
225,0.849,0.85,0.8496666666666667,0.85,0.00047140452079103207,0,2,4227072,send_recv,1,2
226,0.842,0.863,0.8516666666666667,0.85,0.008653836657164788,0,2,4259840,send_recv,1,2
227,0.864,0.873,0.867,0.864,0.004242640687119289,0,2,4292608,send_recv,1,2
228,0.873,0.889,0.8793333333333333,0.876,0.006944222218666559,0,2,4325376,send_recv,1,2
229,0.857,0.871,0.863,0.861,0.005887840577551903,0,2,4358144,send_recv,1,2
230,0.881,0.897,0.8903333333333334,0.893,0.006798692684790386,0,2,4390912,send_recv,1,2
231,0.884,0.9,0.8906666666666667,0.888,0.006798692684790386,0,2,4423680,send_recv,1,2
232,0.902,0.908,0.904,0.902,0.002828427124746193,0,2,4456448,send_recv,1,2
233,0.89,0.916,0.9003333333333333,0.895,0.011264496832477211,0,2,4489216,send_recv,1,2
234,0.893,0.901,0.8959999999999999,0.894,0.00355902608401044,0,2,4521984,send_recv,1,2
235,0.913,0.922,0.9163333333333333,0.914,0.004027681991198195,0,2,4554752,send_recv,1,2
236,0.908,0.909,0.9086666666666666,0.909,0.00047140452079103207,0,2,4587520,send_recv,1,2
237,0.916,0.9410000000000001,0.9289999999999999,0.93,0.010230672835481881,0,2,4620288,send_recv,1,2
238,0.928,0.9420000000000001,0.9326666666666666,0.928,0.00659966329107445,0,2,4653056,send_recv,1,2
239,0.9480000000000001,0.9500000000000001,0.9490000000000002,0.9490000000000001,0.0008164965809277268,0,2,4685824,send_recv,1,2
240,0.922,0.9530000000000001,0.9343333333333333,0.928,0.013424687043734857,0,2,4718592,send_recv,1,2
241,0.9430000000000001,0.964,0.9540000000000001,0.9550000000000001,0.008602325267042592,0,2,4751360,send_recv,1,2
242,0.9450000000000001,0.963,0.9553333333333334,0.9580000000000001,0.007586537784493997,0,2,4784128,send_recv,1,2
243,0.9580000000000001,0.975,0.9656666666666668,0.964,0.007039570693980924,0,2,4816896,send_recv,1,2
244,0.966,0.969,0.9676666666666666,0.968,0.0012472191289246482,0,2,4849664,send_recv,1,2
245,0.937,0.984,0.961,0.962,0.019200694431886194,0,2,4882432,send_recv,1,2
246,0.974,0.99,0.983,0.985,0.006683312551921146,0,2,4915200,send_recv,1,2
247,0.982,1.0050000000000001,0.9970000000000002,1.004,0.010614455552060476,0,2,4947968,send_recv,1,2
248,1.0050000000000001,1.008,1.006,1.0050000000000001,0.0014142135623730439,0,2,4980736,send_recv,1,2
249,0.971,1.0070000000000001,0.9933333333333335,1.002,0.015923427883328293,0,2,5013504,send_recv,1,2
250,0.999,1.228,1.078,1.0070000000000001,0.10611628841354498,0,2,5046272,send_recv,1,2
251,1.0110000000000001,1.039,1.0233333333333334,1.02,0.011671427600007653,0,2,5079040,send_recv,1,2
252,1.226,1.252,1.2393333333333334,1.24,0.010624918300339495,0,2,5111808,send_recv,1,2
253,1.037,1.2570000000000001,1.1133333333333335,1.046,0.10165409758369591,0,2,5144576,send_recv,1,2
254,1.058,1.264,1.127,1.059,0.09687448924596541,0,2,5177344,send_recv,1,2
255,1.05,1.283,1.128,1.051,0.1096023114111498,0,2,5210112,send_recv,1,2
256,1.036,1.2790000000000001,1.133,1.084,0.10508092119885516,0,2,5242880,send_recv,1,2
257,1.048,1.297,1.1363333333333332,1.064,0.11379611397387673,0,2,5275648,send_recv,1,2
258,1.073,1.2770000000000001,1.1423333333333334,1.077,0.09523771428495247,0,2,5308416,send_recv,1,2
259,1.052,1.115,1.0793333333333333,1.071,0.02638602323621772,0,2,5341184,send_recv,1,2
260,1.061,1.302,1.143,1.066,0.11244850673382316,0,2,5373952,send_recv,1,2
261,1.067,1.09,1.077,1.074,0.009626352718795816,0,2,5406720,send_recv,1,2
262,1.081,1.091,1.0873333333333333,1.09,0.004496912521077374,0,2,5439488,send_recv,1,2
263,1.086,1.096,1.0916666666666668,1.093,0.00418993502999217,0,2,5472256,send_recv,1,2
264,1.102,1.12,1.114,1.12,0.008485281374238578,0,2,5505024,send_recv,1,2
265,1.108,1.117,1.114,1.117,0.004242640687119236,0,2,5537792,send_recv,1,2
266,1.11,1.1300000000000001,1.122,1.1260000000000001,0.008640987597877155,0,2,5570560,send_recv,1,2
267,1.119,1.129,1.123,1.121,0.0043204937989385775,0,2,5603328,send_recv,1,2
268,1.123,1.1340000000000001,1.1276666666666666,1.1260000000000001,0.0046427960923947475,0,2,5636096,send_recv,1,2
269,1.131,1.1440000000000001,1.1366666666666667,1.135,0.005436502143433419,0,2,5668864,send_recv,1,2
270,1.139,1.1460000000000001,1.1423333333333334,1.1420000000000001,0.002867441755680921,0,2,5701632,send_recv,1,2
271,1.145,1.151,1.1476666666666666,1.147,0.0024944382578492965,0,2,5734400,send_recv,1,2
272,1.1440000000000001,1.174,1.161,1.165,0.012569805089976457,0,2,5767168,send_recv,1,2
273,1.1460000000000001,1.17,1.1603333333333332,1.165,0.010338708279513805,0,2,5799936,send_recv,1,2
274,1.131,1.182,1.1576666666666666,1.16,0.020885933597094026,0,2,5832704,send_recv,1,2
275,1.153,1.183,1.171,1.177,0.012961481396815732,0,2,5865472,send_recv,1,2
276,1.175,1.179,1.1763333333333332,1.175,0.0018856180831641283,0,2,5898240,send_recv,1,2
277,1.169,1.201,1.1856666666666669,1.187,0.01309792180292568,0,2,5931008,send_recv,1,2
278,1.196,1.221,1.2043333333333333,1.196,0.011785113019775856,0,2,5963776,send_recv,1,2
279,1.187,1.222,1.2066666666666668,1.211,0.014613540144521956,0,2,5996544,send_recv,1,2
280,1.199,1.214,1.2083333333333333,1.212,0.006649979114419956,0,2,6029312,send_recv,1,2
281,1.191,1.215,1.2063333333333335,1.213,0.010873004286866737,0,2,6062080,send_recv,1,2
282,1.2,1.245,1.221,1.218,0.018493242008906993,0,2,6094848,send_recv,1,2
283,1.221,1.226,1.2236666666666667,1.224,0.002054804667656279,0,2,6127616,send_recv,1,2
284,1.223,1.244,1.2346666666666668,1.237,0.008730533902472498,0,2,6160384,send_recv,1,2
285,1.22,1.236,1.2293333333333332,1.232,0.006798692684790386,0,2,6193152,send_recv,1,2
286,1.241,1.2510000000000001,1.2446666666666666,1.242,0.004496912521077374,0,2,6225920,send_recv,1,2
287,1.247,1.26,1.2536666666666667,1.254,0.005312459150169701,0,2,6258688,send_recv,1,2
288,1.2550000000000001,1.2730000000000001,1.2663333333333335,1.2710000000000001,0.00805536398239639,0,2,6291456,send_recv,1,2
289,1.256,1.299,1.2723333333333333,1.262,0.01901461426260218,0,2,6324224,send_recv,1,2
290,1.272,1.281,1.2770000000000001,1.278,0.0037416573867739052,0,2,6356992,send_recv,1,2
291,1.2650000000000001,1.288,1.2743333333333333,1.27,0.009877021593352677,0,2,6389760,send_recv,1,2
292,1.281,1.3,1.293,1.298,0.008524474568363007,0,2,6422528,send_recv,1,2
293,1.281,1.294,1.2893333333333332,1.293,0.005906681715556484,0,2,6455296,send_recv,1,2
294,1.292,1.32,1.3036666666666668,1.299,0.01189771219838319,0,2,6488064,send_recv,1,2
295,1.308,1.317,1.311,1.308,0.004242640687119236,0,2,6520832,send_recv,1,2
296,1.308,1.311,1.309,1.308,0.0014142135623730439,0,2,6553600,send_recv,1,2
297,1.321,1.34,1.3283333333333334,1.324,0.008339997335464576,0,2,6586368,send_recv,1,2
298,1.318,1.321,1.32,1.321,0.0014142135623730439,0,2,6619136,send_recv,1,2
299,1.32,1.341,1.3306666666666667,1.331,0.008576453553512366,0,2,6651904,send_recv,1,2
300,1.329,1.361,1.3466666666666667,1.35,0.013274871834493274,0,2,6684672,send_recv,1,2
301,1.333,1.35,1.3403333333333336,1.338,0.007133644853010943,0,2,6717440,send_recv,1,2
302,1.347,1.36,1.353,1.352,0.0053541261347363825,0,2,6750208,send_recv,1,2
303,1.346,1.366,1.3526666666666667,1.346,0.009428090415820642,0,2,6782976,send_recv,1,2
304,1.36,1.5030000000000001,1.4086666666666667,1.363,0.0667149824918578,0,2,6815744,send_recv,1,2
305,1.397,1.6480000000000001,1.561,1.6380000000000001,0.11603735030871172,0,2,6848512,send_recv,1,2
306,1.358,1.385,1.3726666666666667,1.375,0.01114550233153362,0,2,6881280,send_recv,1,2
307,1.653,1.676,1.6663333333333334,1.67,0.009741092797468263,0,2,6914048,send_recv,1,2
308,1.3860000000000001,1.675,1.5756666666666668,1.666,0.13416490682075624,0,2,6946816,send_recv,1,2
309,1.366,1.601,1.4646666666666668,1.427,0.09956683963828292,0,2,6979584,send_recv,1,2
310,1.4060000000000001,1.62,1.4773333333333334,1.4060000000000001,0.10088056744928077,0,2,7012352,send_recv,1,2
311,1.3880000000000001,1.425,1.4073333333333335,1.409,0.015151090903151315,0,2,7045120,send_recv,1,2
312,1.397,1.426,1.4126666666666665,1.415,0.011953614051360709,0,2,7077888,send_recv,1,2
313,1.3940000000000001,1.44,1.4106666666666667,1.3980000000000001,0.020805982045769562,0,2,7110656,send_recv,1,2
314,1.411,1.446,1.4319999999999997,1.439,0.015121728296284987,0,2,7143424,send_recv,1,2
315,1.428,1.45,1.4426666666666668,1.45,0.010370899457402705,0,2,7176192,send_recv,1,2
316,1.426,1.439,1.4336666666666666,1.436,0.005557777333511062,0,2,7208960,send_recv,1,2
317,1.431,1.454,1.445,1.45,0.010033277962194899,0,2,7241728,send_recv,1,2
318,1.45,1.463,1.4553333333333336,1.453,0.005557777333511062,0,2,7274496,send_recv,1,2
319,1.464,1.478,1.4719999999999998,1.474,0.005887840577551903,0,2,7307264,send_recv,1,2
320,1.476,1.7890000000000001,1.5806666666666669,1.477,0.14731447843153628,0,2,7340032,send_recv,1,2
321,1.455,1.7870000000000001,1.6600000000000001,1.738,0.14633067575415165,0,2,7372800,send_recv,1,2
322,1.492,1.7850000000000001,1.6843333333333332,1.776,0.1360498274734502,0,2,7405568,send_recv,1,2
323,1.488,1.792,1.5903333333333336,1.491,0.14260512691422503,0,2,7438336,send_recv,1,2
324,1.716,1.805,1.7623333333333333,1.766,0.03642648609032839,0,2,7471104,send_recv,1,2
325,1.494,1.586,1.5263333333333333,1.499,0.04224005471376929,0,2,7503872,send_recv,1,2
326,1.504,1.5130000000000001,1.507,1.504,0.004242640687119341,0,2,7536640,send_recv,1,2
327,1.518,1.5290000000000001,1.522,1.5190000000000001,0.004966554808583814,0,2,7569408,send_recv,1,2
328,1.528,1.812,1.6513333333333335,1.614,0.11890986315506194,0,2,7602176,send_recv,1,2
329,1.518,1.848,1.732,1.83,0.15149917491524503,0,2,7634944,send_recv,1,2
330,1.544,1.86,1.6513333333333333,1.55,0.14756994575078253,0,2,7667712,send_recv,1,2
331,1.54,1.546,1.5426666666666666,1.542,0.0024944382578492965,0,2,7700480,send_recv,1,2
332,1.539,1.557,1.5490000000000002,1.551,0.007483314773547889,0,2,7733248,send_recv,1,2
333,1.558,1.577,1.5650000000000002,1.56,0.008524474568362903,0,2,7766016,send_recv,1,2
334,1.554,1.564,1.5576666666666668,1.555,0.004496912521077374,0,2,7798784,send_recv,1,2
335,1.552,1.558,1.5553333333333335,1.556,0.0024944382578492965,0,2,7831552,send_recv,1,2
336,1.561,1.598,1.5803333333333331,1.582,0.015151090903151409,0,2,7864320,send_recv,1,2
337,1.56,1.594,1.5806666666666667,1.588,0.014817407180595259,0,2,7897088,send_recv,1,2
338,1.561,1.591,1.5753333333333333,1.574,0.01228368384845886,0,2,7929856,send_recv,1,2
339,1.574,1.9160000000000001,1.792,1.8860000000000001,0.15463505424062168,0,2,7962624,send_recv,1,2
340,1.612,1.942,1.829666666666667,1.935,0.15394010379220724,0,2,7995392,send_recv,1,2
341,1.61,1.934,1.8216666666666665,1.921,0.14976500110358074,0,2,8028160,send_recv,1,2
342,1.621,1.944,1.835,1.94,0.15132966221685246,0,2,8060928,send_recv,1,2
343,1.607,1.948,1.8286666666666669,1.931,0.15689557744634558,0,2,8093696,send_recv,1,2
344,1.627,1.948,1.7403333333333333,1.6460000000000001,0.1470472335302126,0,2,8126464,send_recv,1,2
345,1.6320000000000001,1.689,1.652,1.635,0.026191601707417585,0,2,8159232,send_recv,1,2
346,1.629,1.6580000000000001,1.6393333333333333,1.631,0.013224556283251646,0,2,8192000,send_recv,1,2
347,1.6440000000000001,1.989,1.8533333333333335,1.927,0.15016953382390477,0,2,8224768,send_recv,1,2
348,1.645,2.015,1.8823333333333334,1.987,0.1682088648740673,0,2,8257536,send_recv,1,2
349,1.6460000000000001,1.995,1.873,1.978,0.16066320881479573,0,2,8290304,send_recv,1,2
350,1.663,2.017,1.8970000000000002,2.011,0.1654811167475008,0,2,8323072,send_recv,1,2
351,1.6600000000000001,1.943,1.7636666666666667,1.688,0.12732198902345537,0,2,8355840,send_recv,1,2
352,1.6600000000000001,1.694,1.678,1.68,0.013952299690970817,0,2,8388608,send_recv,1,2
353,1.653,1.683,1.671,1.677,0.012961481396815732,0,2,8421376,send_recv,1,2
354,1.689,2.06,1.9296666666666666,2.04,0.17037279386360044,0,2,8454144,send_recv,1,2
355,1.724,2.097,1.9580000000000002,2.053,0.1664351725647757,0,2,8486912,send_recv,1,2
356,1.677,2.044,1.918,2.033,0.17047189406663685,0,2,8519680,send_recv,1,2
357,1.706,2.07,1.8359999999999996,1.732,0.1658030960708112,0,2,8552448,send_recv,1,2
358,1.7,1.714,1.7073333333333334,1.708,0.005734883511361756,0,2,8585216,send_recv,1,2
359,1.714,1.718,1.7156666666666667,1.715,0.0016996731711975818,0,2,8617984,send_recv,1,2
360,1.727,2.095,1.969,2.085,0.17116853293367523,0,2,8650752,send_recv,1,2
361,1.717,2.107,1.969666666666667,2.085,0.17888792270270482,0,2,8683520,send_recv,1,2
362,1.728,2.112,1.9823333333333333,2.107,0.1798524086268764,0,2,8716288,send_recv,1,2
363,1.7610000000000001,2.09,1.9793333333333336,2.087,0.15438983846815246,0,2,8749056,send_recv,1,2
364,1.7570000000000001,2.1350000000000002,2.001666666666667,2.113,0.17323843556080606,0,2,8781824,send_recv,1,2
365,1.7670000000000001,2.1270000000000002,1.8893333333333333,1.774,0.16808000740388165,0,2,8814592,send_recv,1,2
366,1.7590000000000001,2.149,2.0050000000000003,2.107,0.17479130413152708,0,2,8847360,send_recv,1,2
367,1.7890000000000001,1.813,1.7990000000000002,1.795,0.010198039027185506,0,2,8880128,send_recv,1,2
368,1.766,1.7790000000000001,1.7736666666666665,1.776,0.005557777333511062,0,2,8912896,send_recv,1,2
369,1.808,2.196,2.0570000000000004,2.1670000000000003,0.17646718297368125,0,2,8945664,send_recv,1,2
370,1.7510000000000001,1.813,1.7836666666666667,1.7870000000000001,0.02542090128658343,0,2,8978432,send_recv,1,2
371,1.819,1.843,1.829,1.825,0.01019803902718558,0,2,9011200,send_recv,1,2
372,1.786,2.169,2.030666666666667,2.137,0.173497998707638,0,2,9043968,send_recv,1,2
373,1.87,2.192,2.078666666666667,2.174,0.14773249097232768,0,2,9076736,send_recv,1,2
374,1.832,2.22,2.080666666666667,2.19,0.1762599090989087,0,2,9109504,send_recv,1,2
375,1.829,2.192,2.0656666666666665,2.176,0.16747603476982087,0,2,9142272,send_recv,1,2
376,1.834,2.245,2.099666666666667,2.22,0.18813175052487968,0,2,9175040,send_recv,1,2
377,1.831,1.864,1.8423333333333334,1.832,0.015326085243430241,0,2,9207808,send_recv,1,2
378,1.841,1.848,1.845,1.846,0.0029439202887760023,0,2,9240576,send_recv,1,2
379,1.877,2.243,2.117,2.231,0.1697763234376336,0,2,9273344,send_recv,1,2
380,1.841,2.23,2.1,2.229,0.1831411113504193,0,2,9306112,send_recv,1,2
381,2.088,2.266,2.2023333333333333,2.253,0.0810198878191165,0,2,9338880,send_recv,1,2
382,1.858,2.248,2.117666666666667,2.247,0.18361251470298953,0,2,9371648,send_recv,1,2
383,1.8920000000000001,2.329,2.1666666666666665,2.279,0.19528839073420504,0,2,9404416,send_recv,1,2
384,1.889,2.285,2.1413333333333333,2.25,0.17899782742319037,0,2,9437184,send_recv,1,2
385,1.897,1.9180000000000001,1.907,1.9060000000000001,0.008602325267042677,0,2,9469952,send_recv,1,2
386,1.883,1.911,1.8943333333333332,1.889,0.012036980056845203,0,2,9502720,send_recv,1,2
387,1.9060000000000001,2.341,2.1903333333333332,2.324,0.20117377783620027,0,2,9535488,send_recv,1,2
388,1.905,2.324,2.183,2.32,0.196582467851705,0,2,9568256,send_recv,1,2
389,1.917,2.339,2.1940000000000004,2.326,0.1959404671492509,0,2,9601024,send_recv,1,2
390,1.887,1.9180000000000001,1.906,1.913,0.013589211407093049,0,2,9633792,send_recv,1,2
391,1.93,1.945,1.9400000000000002,1.945,0.0070710678118655335,0,2,9666560,send_recv,1,2
392,1.9000000000000001,2.357,2.2006666666666668,2.345,0.21265987449968607,0,2,9699328,send_recv,1,2
393,1.938,2.3810000000000002,2.219,2.338,0.1994709669768177,0,2,9732096,send_recv,1,2
394,1.953,2.368,2.2216666666666662,2.344,0.19022851754899647,0,2,9764864,send_recv,1,2
395,1.971,2.365,2.1093333333333333,1.992,0.18098680123761027,0,2,9797632,send_recv,1,2
396,1.94,2.352,2.0849999999999995,1.963,0.1890308616778399,0,2,9830400,send_recv,1,2
397,1.953,1.97,1.9606666666666666,1.959,0.0070395706939809155,0,2,9863168,send_recv,1,2
398,1.975,2.39,2.2513333333333336,2.3890000000000002,0.19539760034919118,0,2,9895936,send_recv,1,2
399,1.981,2.415,2.264,2.396,0.20026149571664206,0,2,9928704,send_recv,1,2
400,2.013,2.424,2.283,2.412,0.19098167451355116,0,2,9961472,send_recv,1,2
401,1.992,2.0100000000000002,2.002666666666667,2.0060000000000002,0.0077172246018602595,0,2,9994240,send_recv,1,2
402,1.995,2.032,2.009,2.0,0.01639105447085898,0,2,10027008,send_recv,1,2
403,2.015,2.212,2.0883333333333334,2.0380000000000003,0.08794821708760724,0,2,10059776,send_recv,1,2
404,2.004,2.035,2.0166666666666666,2.011,0.013274871834493298,0,2,10092544,send_recv,1,2
405,1.998,2.437,2.153,2.024,0.20109864909209765,0,2,10125312,send_recv,1,2
406,2.44,2.462,2.4523333333333333,2.455,0.009177266598624232,0,2,10158080,send_recv,1,2
407,2.044,2.484,2.329,2.459,0.20178371259015596,0,2,10190848,send_recv,1,2
408,2.035,2.053,2.046,2.05,0.007874007874011695,0,2,10223616,send_recv,1,2
409,2.037,2.048,2.0443333333333333,2.048,0.005185449728701406,0,2,10256384,send_recv,1,2
410,2.066,2.482,2.3409999999999997,2.475,0.19447536262125012,0,2,10289152,send_recv,1,2
411,2.048,2.511,2.3516666666666666,2.496,0.21481206256219,0,2,10321920,send_recv,1,2
412,2.104,2.509,2.3729999999999998,2.5060000000000002,0.19021566707293064,0,2,10354688,send_recv,1,2
413,2.079,2.531,2.373666666666667,2.511,0.20852071573080905,0,2,10387456,send_recv,1,2
414,2.054,2.501,2.3473333333333333,2.487,0.20749672018826928,0,2,10420224,send_recv,1,2
415,2.072,2.529,2.2373333333333334,2.111,0.20685314167839505,0,2,10452992,send_recv,1,2
416,2.093,2.11,2.103666666666667,2.108,0.007586537784494025,0,2,10485760,send_recv,1,2
417,2.107,2.12,2.112,2.109,0.005715476066494075,0,2,10518528,send_recv,1,2
418,2.117,2.5500000000000003,2.3996666666666666,2.532,0.20001055527702094,0,2,10551296,send_recv,1,2
419,2.1310000000000002,2.583,2.4196666666666666,2.545,0.204706836448832,0,2,10584064,send_recv,1,2
420,2.114,2.133,2.121,2.116,0.008524474568362963,0,2,10616832,send_recv,1,2
421,2.116,2.136,2.1270000000000002,2.129,0.008286535263104034,0,2,10649600,send_recv,1,2
422,2.126,2.15,2.1343333333333336,2.1270000000000002,0.011085526098877196,0,2,10682368,send_recv,1,2
423,2.117,2.173,2.138666666666667,2.126,0.02455379581427057,0,2,10715136,send_recv,1,2
424,2.1470000000000002,2.598,2.4453333333333336,2.591,0.2109728787203595,0,2,10747904,send_recv,1,2
425,2.14,2.591,2.4339999999999997,2.571,0.2080496735557801,0,2,10780672,send_recv,1,2
426,2.145,2.177,2.1613333333333333,2.162,0.013072447700751727,0,2,10813440,send_recv,1,2
427,2.124,2.17,2.15,2.156,0.019252705437591475,0,2,10846208,send_recv,1,2
428,2.144,2.63,2.4623333333333335,2.613,0.2252026248120172,0,2,10878976,send_recv,1,2
429,2.1750000000000003,2.613,2.452666666666667,2.57,0.19712319892786717,0,2,10911744,send_recv,1,2
430,2.583,2.634,2.609666666666667,2.612,0.020885933597093943,0,2,10944512,send_recv,1,2
431,2.202,2.65,2.4886666666666666,2.614,0.2032360422978387,0,2,10977280,send_recv,1,2
432,2.197,2.232,2.2100000000000004,2.201,0.015641824275533487,0,2,11010048,send_recv,1,2
433,2.184,2.2880000000000003,2.2296666666666667,2.217,0.0433922676163495,0,2,11042816,send_recv,1,2
434,2.229,2.6710000000000003,2.3770000000000002,2.231,0.2078909970793991,0,2,11075584,send_recv,1,2
435,2.657,2.704,2.683666666666667,2.69,0.019703355608175578,0,2,11108352,send_recv,1,2
436,2.218,2.677,2.5216666666666665,2.67,0.2147437749712175,0,2,11141120,send_recv,1,2
437,2.213,2.72,2.5436666666666667,2.698,0.23398907856754533,0,2,11173888,send_recv,1,2
438,2.22,2.726,2.541333333333333,2.678,0.22806042084402875,0,2,11206656,send_recv,1,2
439,2.231,2.735,2.5546666666666664,2.698,0.2293648234194211,0,2,11239424,send_recv,1,2
440,2.238,2.279,2.255,2.248,0.017454703282114663,0,2,11272192,send_recv,1,2
441,2.254,2.291,2.269666666666667,2.2640000000000002,0.01562761089297466,0,2,11304960,send_recv,1,2
442,2.2720000000000002,2.744,2.5856666666666666,2.741,0.22179920849473037,0,2,11337728,send_recv,1,2
443,2.269,2.781,2.442,2.2760000000000002,0.23972623274616123,0,2,11370496,send_recv,1,2
444,2.271,2.278,2.275333333333333,2.277,0.003091206165165309,0,2,11403264,send_recv,1,2
445,2.275,2.2880000000000003,2.2803333333333335,2.278,0.005557777333511165,0,2,11436032,send_recv,1,2
446,2.301,2.62,2.4090000000000003,2.306,0.14921349358106548,0,2,11468800,send_recv,1,2
447,2.302,2.779,2.613,2.758,0.22007725916141355,0,2,11501568,send_recv,1,2
448,2.316,2.831,2.643333333333333,2.783,0.23228765691606512,0,2,11534336,send_recv,1,2
449,2.299,2.317,2.3096666666666668,2.313,0.0077172246018602595,0,2,11567104,send_recv,1,2
450,2.312,2.771,2.472,2.333,0.21159867674444466,0,2,11599872,send_recv,1,2
451,2.356,2.8120000000000003,2.6566666666666667,2.802,0.2126426318706786,0,2,11632640,send_recv,1,2
452,2.337,2.825,2.654333333333333,2.801,0.22460236468528602,0,2,11665408,send_recv,1,2
453,2.323,2.828,2.654333333333333,2.8120000000000003,0.2343790851495832,0,2,11698176,send_recv,1,2
454,2.318,2.839,2.659333333333333,2.821,0.2414709552352461,0,2,11730944,send_recv,1,2
455,2.338,2.353,2.3440000000000003,2.341,0.0064807406984079005,0,2,11763712,send_recv,1,2
456,2.346,2.742,2.481333333333333,2.356,0.18436437351674595,0,2,11796480,send_recv,1,2
457,2.3770000000000002,2.872,2.7023333333333337,2.858,0.23011639566870393,0,2,11829248,send_recv,1,2
458,2.362,2.8890000000000002,2.7006666666666668,2.851,0.23997546170853018,0,2,11862016,send_recv,1,2
459,2.394,2.89,2.7133333333333334,2.856,0.22622898920243517,0,2,11894784,send_recv,1,2
460,2.378,2.911,2.5636666666666668,2.402,0.24579711597620954,0,2,11927552,send_recv,1,2
461,2.386,2.8930000000000002,2.5580000000000003,2.395,0.23690926533168777,0,2,11960320,send_recv,1,2
462,2.388,2.854,2.5443333333333333,2.391,0.21897082504804666,0,2,11993088,send_recv,1,2
463,2.398,2.919,2.7373333333333334,2.895,0.24014486368764068,0,2,12025856,send_recv,1,2
464,2.603,2.934,2.818,2.9170000000000003,0.1521862893517897,0,2,12058624,send_recv,1,2
465,2.447,2.927,2.767,2.927,0.2262741699796952,0,2,12091392,send_recv,1,2
466,2.383,2.4250000000000003,2.406,2.41,0.01737814719698287,0,2,12124160,send_recv,1,2
467,2.418,2.436,2.4286666666666665,2.432,0.007717224601860055,0,2,12156928,send_recv,1,2
468,2.437,2.454,2.4433333333333334,2.439,0.007586537784494148,0,2,12189696,send_recv,1,2
469,2.418,2.962,2.7706666666666666,2.932,0.24967356465771234,0,2,12222464,send_recv,1,2
470,2.468,2.992,2.8113333333333337,2.974,0.24288451759815594,0,2,12255232,send_recv,1,2
471,2.456,2.974,2.7899999999999996,2.94,0.23658120522701437,0,2,12288000,send_recv,1,2
472,2.448,2.731,2.548666666666667,2.467,0.12916225798927825,0,2,12320768,send_recv,1,2
473,2.472,2.996,2.651,2.485,0.2440095626541441,0,2,12353536,send_recv,1,2
474,2.465,3.0300000000000002,2.8363333333333336,3.0140000000000002,0.26265355297214044,0,2,12386304,send_recv,1,2
475,2.458,2.5100000000000002,2.4873333333333334,2.494,0.021746008573733475,0,2,12419072,send_recv,1,2
476,2.467,2.531,2.4996666666666667,2.501,0.026144895401503453,0,2,12451840,send_recv,1,2
477,2.496,3.036,2.8386666666666667,2.984,0.24323011509451065,0,2,12484608,send_recv,1,2
478,2.5020000000000002,2.5140000000000002,2.5083333333333333,2.509,0.004921607686744456,0,2,12517376,send_recv,1,2
479,2.492,3.0060000000000002,2.67,2.512,0.23772813604339457,0,2,12550144,send_recv,1,2
480,2.5220000000000002,3.039,2.8656666666666664,3.036,0.24301211675323692,0,2,12582912,send_recv,1,2
481,2.539,3.088,2.894,3.055,0.25138416815702613,0,2,12615680,send_recv,1,2
482,2.503,2.547,2.530666666666667,2.5420000000000003,0.019669491322575946,0,2,12648448,send_recv,1,2
483,2.533,3.093,2.7260000000000004,2.552,0.25962408722355995,0,2,12681216,send_recv,1,2
484,2.57,3.06,2.891666666666667,3.045,0.22753510107722336,0,2,12713984,send_recv,1,2
485,2.562,3.078,2.889333333333333,3.028,0.23235796139194853,0,2,12746752,send_recv,1,2
486,2.539,3.105,2.908333333333333,3.081,0.26134183659635424,0,2,12779520,send_recv,1,2
487,2.583,3.11,2.921666666666667,3.072,0.23997546170853004,0,2,12812288,send_recv,1,2
488,2.5420000000000003,2.57,2.5566666666666666,2.5580000000000003,0.01146976702272334,0,2,12845056,send_recv,1,2
489,2.524,3.097,2.7293333333333334,2.567,0.2605715939152914,0,2,12877824,send_recv,1,2
490,2.567,3.105,2.920666666666667,3.09,0.2501550630220294,0,2,12910592,send_recv,1,2
491,2.608,3.154,2.7913333333333337,2.612,0.25644925857218265,0,2,12943360,send_recv,1,2
492,3.126,3.16,3.142333333333333,3.141,0.013912424503139575,0,2,12976128,send_recv,1,2
493,2.571,3.114,2.7613333333333334,2.599,0.24963484443393613,0,2,13008896,send_recv,1,2
494,2.601,3.154,2.794,2.6270000000000002,0.25477964335218506,0,2,13041664,send_recv,1,2
495,2.629,3.128,2.9616666666666664,3.128,0.23523085587472486,0,2,13074432,send_recv,1,2
496,2.604,2.642,2.618333333333333,2.609,0.016858891488535654,0,2,13107200,send_recv,1,2
497,2.613,3.145,2.8023333333333333,2.649,0.24274723937096016,0,2,13139968,send_recv,1,2
498,2.62,2.6470000000000002,2.6323333333333334,2.63,0.011145502331533734,0,2,13172736,send_recv,1,2
499,2.644,3.216,2.834666666666667,2.644,0.26964338589247017,0,2,13205504,send_recv,1,2
500,2.634,3.224,2.842,2.668,0.27047119378349094,0,2,13238272,send_recv,1,2
501,2.625,2.682,2.6500000000000004,2.6430000000000002,0.023790754506740588,0,2,13271040,send_recv,1,2
502,2.665,3.221,3.029666666666667,3.203,0.25796296030416627,0,2,13303808,send_recv,1,2
503,2.6270000000000002,2.865,2.709666666666667,2.637,0.10991309698524966,0,2,13336576,send_recv,1,2
504,2.6390000000000002,2.706,2.672333333333333,2.672,0.02735365098523808,0,2,13369344,send_recv,1,2
505,2.672,3.24,3.035,3.193,0.25739593366381425,0,2,13402112,send_recv,1,2
506,2.6590000000000003,3.221,2.8513333333333333,2.674,0.2614655277894626,0,2,13434880,send_recv,1,2
507,2.716,3.262,3.078666666666667,3.258,0.2564492585721826,0,2,13467648,send_recv,1,2
508,2.721,3.273,3.0849999999999995,3.261,0.2574334865552654,0,2,13500416,send_recv,1,2
509,2.718,3.3080000000000003,2.9166666666666665,2.724,0.2767252949928664,0,2,13533184,send_recv,1,2
510,2.6790000000000003,3.305,3.074666666666667,3.24,0.28103420116103695,0,2,13565952,send_recv,1,2
511,2.723,3.253,2.9006666666666665,2.726,0.2491402996082507,0,2,13598720,send_recv,1,2
512,2.737,3.275,3.095,3.273,0.25314554443376375,0,2,13631488,send_recv,1,2
513,2.753,3.331,3.125666666666667,3.293,0.2639713789199293,0,2,13664256,send_recv,1,2
514,2.758,3.321,3.124333333333333,3.294,0.25927120078318683,0,2,13697024,send_recv,1,2
515,2.73,2.762,2.741,2.731,0.014854853303438166,0,2,13729792,send_recv,1,2
516,2.718,3.3080000000000003,2.9256666666666664,2.751,0.27068595990351807,0,2,13762560,send_recv,1,2
517,2.7720000000000002,3.356,3.1573333333333333,3.344,0.27251585071127293,0,2,13795328,send_recv,1,2
518,2.789,3.31,3.1346666666666665,3.305,0.24443176734804517,0,2,13828096,send_recv,1,2
519,2.739,2.77,2.7573333333333334,2.763,0.013274871834493298,0,2,13860864,send_recv,1,2
520,2.754,2.831,2.7886666666666664,2.781,0.031899146627387284,0,2,13893632,send_recv,1,2
521,2.751,2.777,2.766666666666667,2.7720000000000002,0.011264496832477332,0,2,13926400,send_recv,1,2
522,2.79,3.364,2.986666666666667,2.806,0.266894902328405,0,2,13959168,send_recv,1,2
523,2.7840000000000003,2.839,2.81,2.807,0.02255363976538292,0,2,13991936,send_recv,1,2
524,2.848,3.39,3.202666666666667,3.37,0.250920084666192,0,2,14024704,send_recv,1,2
525,2.802,2.81,2.8070000000000004,2.809,0.0035590260840104608,0,2,14057472,send_recv,1,2
526,2.816,3.368,3.005333333333333,2.832,0.25652723485474643,0,2,14090240,send_recv,1,2
527,2.81,2.837,2.8249999999999997,2.828,0.011224972160321854,0,2,14123008,send_recv,1,2
528,2.825,3.376,3.01,2.829,0.258806233824973,0,2,14155776,send_recv,1,2
529,3.323,3.424,3.388666666666667,3.419,0.04647819082346282,0,2,14188544,send_recv,1,2
530,2.834,3.428,3.038,2.852,0.27586953438174355,0,2,14221312,send_recv,1,2
531,2.827,2.875,2.8520000000000003,2.854,0.019646882704388524,0,2,14254080,send_recv,1,2
532,2.8120000000000003,2.876,2.846,2.85,0.026280537792569208,0,2,14286848,send_recv,1,2
533,2.868,3.45,3.0660000000000003,2.88,0.27157319455351275,0,2,14319616,send_recv,1,2
534,2.888,3.471,3.2626666666666666,3.4290000000000003,0.265483625776724,0,2,14352384,send_recv,1,2
535,2.902,3.47,3.2750000000000004,3.4530000000000003,0.2638421245113575,0,2,14385152,send_recv,1,2
536,2.891,2.928,2.907,2.902,0.015513435037626748,0,2,14417920,send_recv,1,2
537,2.87,3.463,3.0730000000000004,2.886,0.2758489925061657,0,2,14450688,send_recv,1,2
538,2.93,3.5660000000000003,3.334666666666667,3.508,0.287120570879591,0,2,14483456,send_recv,1,2
539,2.942,3.536,3.332333333333333,3.519,0.27609458926647257,0,2,14516224,send_recv,1,2
540,2.93,3.54,3.3196666666666665,3.489,0.2763214713979996,0,2,14548992,send_recv,1,2
541,2.961,3.541,3.3186666666666667,3.454,0.2553903330633763,0,2,14581760,send_recv,1,2
542,2.8770000000000002,3.54,3.1216666666666666,2.948,0.2972230737267138,0,2,14614528,send_recv,1,2
543,2.928,3.52,3.1283333333333334,2.9370000000000003,0.2769745275090994,0,2,14647296,send_recv,1,2
544,2.988,3.579,3.374,3.555,0.2731190216737019,0,2,14680064,send_recv,1,2
545,2.944,3.553,3.347,3.544,0.2849877190336454,0,2,14712832,send_recv,1,2
546,2.947,3.563,3.1590000000000003,2.967,0.28578780006617965,0,2,14745600,send_recv,1,2
547,2.957,3.5580000000000003,3.1636666666666664,2.976,0.27894364225691837,0,2,14778368,send_recv,1,2
548,2.973,3.579,3.375666666666667,3.575,0.284733013345641,0,2,14811136,send_recv,1,2
549,2.997,3.594,3.394,3.591,0.28072406380643616,0,2,14843904,send_recv,1,2
550,2.987,3.614,3.391,3.572,0.2861852546865403,0,2,14876672,send_recv,1,2
551,2.97,3.003,2.9830000000000005,2.976,0.014352700094407322,0,2,14909440,send_recv,1,2
552,2.965,3.626,3.1863333333333332,2.968,0.31089369387121524,0,2,14942208,send_recv,1,2
553,3.572,3.644,3.609666666666667,3.613,0.029488227406128654,0,2,14974976,send_recv,1,2
554,3.015,3.637,3.4196666666666666,3.607,0.2864045313111431,0,2,15007744,send_recv,1,2
555,3.044,3.666,3.4433333333333334,3.62,0.282995092222855,0,2,15040512,send_recv,1,2
556,3.0,3.06,3.0243333333333333,3.013,0.025772509040103645,0,2,15073280,send_recv,1,2
557,2.985,3.0340000000000003,3.0116666666666667,3.016,0.0202374789822142,0,2,15106048,send_recv,1,2
558,3.005,3.579,3.2006666666666668,3.0180000000000002,0.26757470400286765,0,2,15138816,send_recv,1,2
559,3.055,3.653,3.451,3.645,0.2800333313494424,0,2,15171584,send_recv,1,2
560,3.0620000000000003,3.656,3.452,3.638,0.27586953438174344,0,2,15204352,send_recv,1,2
561,3.039,3.068,3.052,3.049,0.012027745701779124,0,2,15237120,send_recv,1,2
562,3.021,3.688,3.257,3.0620000000000003,0.3052223233426197,0,2,15269888,send_recv,1,2
563,3.053,3.073,3.064666666666667,3.068,0.008498365855987997,0,2,15302656,send_recv,1,2
564,3.0540000000000003,3.696,3.2750000000000004,3.075,0.29781537905219063,0,2,15335424,send_recv,1,2
565,3.091,3.678,3.479333333333333,3.669,0.2746177140843045,0,2,15368192,send_recv,1,2
566,3.072,3.091,3.081,3.08,0.00778888096369867,0,2,15400960,send_recv,1,2
567,3.064,3.701,3.285,3.09,0.2943478667608561,0,2,15433728,send_recv,1,2
568,3.6590000000000003,3.748,3.7119999999999997,3.729,0.0382709637540873,0,2,15466496,send_recv,1,2
569,3.119,3.781,3.5416666666666665,3.725,0.2997435941304204,0,2,15499264,send_recv,1,2
570,3.1310000000000002,3.742,3.5336666666666665,3.728,0.2847856894032578,0,2,15532032,send_recv,1,2
571,3.093,3.126,3.111333333333333,3.115,0.01371941041817111,0,2,15564800,send_recv,1,2
572,3.091,3.769,3.327,3.121,0.31278107359621365,0,2,15597568,send_recv,1,2
573,3.126,3.763,3.5453333333333332,3.747,0.2965853821227352,0,2,15630336,send_recv,1,2
574,3.122,3.7840000000000003,3.5513333333333335,3.748,0.3039400525688506,0,2,15663104,send_recv,1,2
575,3.1350000000000002,3.801,3.3826666666666667,3.212,0.29747194078695144,0,2,15695872,send_recv,1,2
576,3.114,3.1630000000000003,3.145666666666667,3.16,0.0224251842554057,0,2,15728640,send_recv,1,2
577,3.203,3.843,3.628,3.838,0.3005273143437493,0,2,15761408,send_recv,1,2
578,3.1310000000000002,3.156,3.143666666666667,3.144,0.010208928554075666,0,2,15794176,send_recv,1,2
579,3.148,3.864,3.388333333333333,3.153,0.33635331952510217,0,2,15826944,send_recv,1,2
580,3.17,3.834,3.391666666666667,3.1710000000000003,0.3127771659753243,0,2,15859712,send_recv,1,2
581,3.138,3.19,3.170666666666667,3.184,0.023228335186912523,0,2,15892480,send_recv,1,2
582,3.154,3.208,3.186,3.196,0.023151673805580576,0,2,15925248,send_recv,1,2
583,3.221,3.891,3.656333333333334,3.857,0.30813993934935185,0,2,15958016,send_recv,1,2
584,3.232,3.8930000000000002,3.671666666666667,3.89,0.31089369387121524,0,2,15990784,send_recv,1,2
585,3.182,3.857,3.4333333333333336,3.261,0.30130862730577257,0,2,16023552,send_recv,1,2
586,3.18,3.882,3.4290000000000003,3.225,0.32084575733520304,0,2,16056320,send_recv,1,2
587,3.227,3.8930000000000002,3.6683333333333334,3.8850000000000002,0.3120868824898322,0,2,16089088,send_recv,1,2
588,3.21,3.879,3.4470000000000005,3.2520000000000002,0.30595097646518465,0,2,16121856,send_recv,1,2
589,3.194,3.899,3.436,3.215,0.3275026717448272,0,2,16154624,send_recv,1,2
590,3.226,3.2560000000000002,3.236666666666667,3.228,0.013695092389449494,0,2,16187392,send_recv,1,2
591,3.232,3.895,3.455,3.238,0.31113662593786673,0,2,16220160,send_recv,1,2
592,3.27,3.9090000000000003,3.691333333333333,3.895,0.2979824752490582,0,2,16252928,send_recv,1,2
593,3.202,3.282,3.249333333333334,3.2640000000000002,0.034266926069057124,0,2,16285696,send_recv,1,2
594,3.24,3.924,3.481,3.279,0.3136526741476947,0,2,16318464,send_recv,1,2
595,3.287,3.297,3.2916666666666665,3.291,0.004109609335312751,0,2,16351232,send_recv,1,2
596,3.257,3.9290000000000003,3.491,3.287,0.30995483541961416,0,2,16384000,send_recv,1,2
597,3.2680000000000002,3.581,3.372666666666667,3.269,0.14731447843153614,0,2,16416768,send_recv,1,2
598,3.2640000000000002,3.967,3.515,3.314,0.3202634332337469,0,2,16449536,send_recv,1,2
599,3.317,4.011,3.770666666666667,3.984,0.3209800963022819,0,2,16482304,send_recv,1,2
600,3.262,3.286,3.278,3.286,0.011313708498984772,0,2,16515072,send_recv,1,2
601,3.3200000000000003,4.0200000000000005,3.553666666666667,3.321,0.3297477150118794,0,2,16547840,send_recv,1,2
602,3.351,4.025,3.7863333333333333,3.983,0.3083043229595648,0,2,16580608,send_recv,1,2
603,3.345,4.026,3.7983333333333333,4.024,0.3205561139991283,0,2,16613376,send_recv,1,2
604,3.3040000000000003,3.352,3.332666666666667,3.342,0.02067741655902761,0,2,16646144,send_recv,1,2
605,3.3200000000000003,3.342,3.332333333333333,3.335,0.009177266598624034,0,2,16678912,send_recv,1,2
606,3.336,3.964,3.5589999999999997,3.3770000000000002,0.2868669842743613,0,2,16711680,send_recv,1,2
607,3.396,4.069,3.828333333333333,4.0200000000000005,0.30635962890404195,0,2,16744448,send_recv,1,2
608,3.435,4.043,3.8396666666666674,4.041,0.2861437090383472,0,2,16777216,send_recv,1,2
609,3.363,3.374,3.369,3.37,0.004546060565662005,0,2,16777216,send_recv,1,2
610,3.371,3.434,3.4000000000000004,3.395,0.02596150997149441,0,2,16908288,send_recv,1,2
611,3.352,4.053,3.6056666666666666,3.412,0.3172594451794234,0,2,17039360,send_recv,1,2
612,3.395,4.096,3.629,3.396,0.33021911917190183,0,2,17170432,send_recv,1,2
613,3.446,4.159,3.687,3.456,0.3337793682459516,0,2,17301504,send_recv,1,2
614,3.458,3.5300000000000002,3.4843333333333333,3.465,0.032417416443771316,0,2,17432576,send_recv,1,2
615,3.5380000000000003,4.234,3.807,3.649,0.3053162295063922,0,2,17563648,send_recv,1,2
616,3.519,4.2620000000000005,3.7720000000000002,3.535,0.3465438885143796,0,2,17694720,send_recv,1,2
617,3.569,4.2620000000000005,3.805,3.584,0.32320581677933974,0,2,17825792,send_recv,1,2
618,3.597,4.37,4.097333333333334,4.325,0.35426575084563605,0,2,17956864,send_recv,1,2
619,3.571,3.698,3.621,3.594,0.055250942676724174,0,2,18087936,send_recv,1,2
620,3.616,3.658,3.6363333333333334,3.6350000000000002,0.017172329163188265,0,2,18219008,send_recv,1,2
621,3.6430000000000002,3.6990000000000003,3.6696666666666666,3.6670000000000003,0.022939534045447026,0,2,18350080,send_recv,1,2
622,3.6870000000000003,4.4430000000000005,3.94,3.69,0.3556768195989164,0,2,18481152,send_recv,1,2
623,3.712,3.742,3.7293333333333334,3.734,0.012684198393626875,0,2,18612224,send_recv,1,2
624,3.718,3.8040000000000003,3.7613333333333334,3.762,0.0351125175527033,0,2,18743296,send_recv,1,2
625,3.767,4.578,4.05,3.805,0.3736745464527478,0,2,18874368,send_recv,1,2
626,3.864,4.601,4.342333333333333,4.562,0.3386072782574069,0,2,19005440,send_recv,1,2
627,3.8200000000000003,4.625,4.3486666666666665,4.601,0.37395216568730033,0,2,19136512,send_recv,1,2
628,3.8120000000000003,3.959,3.8823333333333334,3.876,0.06017936154160783,0,2,19267584,send_recv,1,2
629,3.868,4.509,4.082,3.869,0.3019348715644928,0,2,19398656,send_recv,1,2
630,3.862,3.9530000000000003,3.9019999999999997,3.891,0.03795611501018873,0,2,19529728,send_recv,1,2
631,3.883,3.931,3.903,3.895,0.02039607805437116,0,2,19660800,send_recv,1,2
632,3.968,4.787,4.250666666666667,3.997,0.3794296889924257,0,2,19791872,send_recv,1,2
633,3.974,4.8260000000000005,4.29,4.07,0.3810301825315156,0,2,19922944,send_recv,1,2
634,4.091,4.866,4.604,4.855,0.362773574928862,0,2,20054016,send_recv,1,2
635,4.121,4.8790000000000004,4.617333333333334,4.852,0.35113371938463683,0,2,20185088,send_recv,1,2
636,4.0440000000000005,4.43,4.179333333333333,4.064,0.1774360604712454,0,2,20316160,send_recv,1,2
637,4.031,4.135,4.092,4.11,0.04432456053551661,0,2,20447232,send_recv,1,2
638,4.417,4.988,4.794333333333333,4.978,0.26684618957161255,0,2,20578304,send_recv,1,2
639,4.15,4.426,4.243,4.1530000000000005,0.12940633678456387,0,2,20709376,send_recv,1,2
640,4.1690000000000005,4.5600000000000005,4.3100000000000005,4.2010000000000005,0.17725875624822227,0,2,20840448,send_recv,1,2
641,4.19,4.239,4.2186666666666675,4.227,0.020853989759489225,0,2,20971520,send_recv,1,2
642,4.188,5.07,4.507,4.263,0.39927684631092764,0,2,21102592,send_recv,1,2
643,4.226,4.2620000000000005,4.241333333333333,4.236,0.015173075568988297,0,2,21233664,send_recv,1,2
644,4.232,4.3,4.275333333333333,4.2940000000000005,0.030739045022395963,0,2,21364736,send_recv,1,2
645,4.246,4.288,4.261333333333334,4.25,0.018926759422104523,0,2,21495808,send_recv,1,2
646,4.3020000000000005,5.242,4.8883333333333345,5.121,0.4175326999835527,0,2,21626880,send_recv,1,2
647,4.357,5.002,4.588333333333334,4.406,0.2931897375799879,0,2,21757952,send_recv,1,2
648,4.356,5.299,4.858333333333333,4.92,0.3874397444191235,0,2,21889024,send_recv,1,2
649,4.382,4.491,4.428,4.4110000000000005,0.046094106637038286,0,2,22020096,send_recv,1,2
650,4.38,5.345,4.972333333333332,5.192,0.4234747795192636,0,2,22151168,send_recv,1,2
651,4.429,5.313,4.7316666666666665,4.453,0.41118149547641614,0,2,22282240,send_recv,1,2
652,4.5040000000000004,5.38,4.882000000000001,4.7620000000000005,0.3675540776538873,0,2,22413312,send_recv,1,2
653,4.501,4.597,4.5456666666666665,4.539,0.03947432358156664,0,2,22544384,send_recv,1,2
654,4.495,5.488,4.841,4.54,0.45786679285573895,0,2,22675456,send_recv,1,2
655,4.519,5.4,4.825,4.556,0.40686689060018977,0,2,22806528,send_recv,1,2
656,5.09,5.596,5.409666666666666,5.543,0.22707169694956617,0,2,22937600,send_recv,1,2
657,4.609,5.5360000000000005,4.934666666666668,4.659,0.4256965533752367,0,2,23068672,send_recv,1,2
658,4.602,4.779,4.668666666666667,4.625,0.07858046124125811,0,2,23199744,send_recv,1,2
659,4.663,4.7010000000000005,4.681333333333334,4.68,0.015542057635833146,0,2,23330816,send_recv,1,2
660,4.6450000000000005,5.6930000000000005,5.014333333333334,4.705,0.48051453903313096,0,2,23461888,send_recv,1,2
661,4.686,4.734,4.711333333333333,4.714,0.019686430746977904,0,2,23592960,send_recv,1,2
662,4.734,5.683,5.059333333333333,4.761,0.44113666312782873,0,2,23724032,send_recv,1,2
663,4.769,5.776,5.415666666666667,5.702,0.45825926674269823,0,2,23855104,send_recv,1,2
664,4.774,5.767,5.432333333333333,5.756,0.46553362451659247,0,2,23986176,send_recv,1,2
665,4.814,5.827,5.458000000000001,5.7330000000000005,0.4569908824765181,0,2,24117248,send_recv,1,2
666,4.8420000000000005,5.844,5.176333333333333,4.843,0.4721118040841127,0,2,24248320,send_recv,1,2
667,4.853,5.788,5.184333333333334,4.912,0.4275358334559678,0,2,24379392,send_recv,1,2
668,4.852,5.758,5.160333333333334,4.871,0.4226853308181971,0,2,24510464,send_recv,1,2
669,4.8790000000000004,4.968,4.910666666666667,4.885,0.04061472092179816,0,2,24641536,send_recv,1,2
670,4.932,5.964,5.604333333333334,5.917,0.4757985101092921,0,2,24772608,send_recv,1,2
671,5.91,6.019,5.976333333333334,6.0,0.04754179447835577,0,2,24903680,send_recv,1,2
672,5.002,5.952,5.328666666666667,5.032,0.44093335349259105,0,2,25034752,send_recv,1,2
673,5.031,6.074,5.704666666666667,6.009,0.4770928164996364,0,2,25165824,send_recv,1,2
674,5.013,6.017,5.357,5.041,0.4668304474503209,0,2,25296896,send_recv,1,2
675,5.087,6.12,5.757333333333334,6.065,0.4745287721050809,0,2,25427968,send_recv,1,2
676,5.118,6.146,5.460999999999999,5.119,0.48436831715819995,0,2,25559040,send_recv,1,2
677,5.131,6.155,5.476,5.142,0.4801465054196132,0,2,25690112,send_recv,1,2
678,5.132,6.2,5.488666666666667,5.134,0.5029892863891062,0,2,25821184,send_recv,1,2
679,5.182,6.174,5.521000000000001,5.207,0.4618535121298384,0,2,25952256,send_recv,1,2
680,5.158,6.274,5.898333333333333,6.263,0.5235139815600809,0,2,26083328,send_recv,1,2
681,5.218,6.308,5.591333333333334,5.248,0.5069078373388554,0,2,26214400,send_recv,1,2
682,5.181,5.362,5.2523333333333335,5.214,0.07870761646047277,0,2,26345472,send_recv,1,2
683,5.267,6.373,5.647000000000001,5.301,0.5135471416205787,0,2,26476544,send_recv,1,2
684,5.291,5.3260000000000005,5.310333333333333,5.314,0.014522013940528001,0,2,26607616,send_recv,1,2
685,6.287,6.4910000000000005,6.41,6.452,0.08841945487278258,0,2,26738688,send_recv,1,2
686,5.383,6.423,5.748,5.438,0.4778249330734707,0,2,26869760,send_recv,1,2
687,5.3950000000000005,6.437,5.765666666666667,5.465,0.47556375901543313,0,2,27000832,send_recv,1,2
688,5.45,6.5520000000000005,6.160333333333334,6.479,0.5031648724711304,0,2,27131904,send_recv,1,2
689,5.408,6.474,5.775666666666667,5.445,0.49402721472494693,0,2,27262976,send_recv,1,2
690,5.434,6.559,5.8180000000000005,5.461,0.5240820546441177,0,2,27394048,send_recv,1,2
691,5.5040000000000004,6.689,6.268000000000001,6.611,0.5411672569548159,0,2,27525120,send_recv,1,2
692,5.497,6.689,6.265333333333333,6.61,0.5442501467360595,0,2,27656192,send_recv,1,2
693,5.497,5.682,5.578,5.555,0.07725714637926193,0,2,27787264,send_recv,1,2
694,5.529,6.702,5.9543333333333335,5.632,0.5303497797575567,0,2,27918336,send_recv,1,2
695,5.589,6.746,6.333666666666667,6.666,0.5275707430183073,0,2,28049408,send_recv,1,2
696,5.606,6.764,6.341000000000001,6.6530000000000005,0.5216953133774542,0,2,28180480,send_recv,1,2
697,5.622,5.846,5.716666666666666,5.682,0.09467605587240926,0,2,28311552,send_recv,1,2
698,5.684,6.867,6.47,6.859,0.5557955259505662,0,2,28442624,send_recv,1,2
699,5.7,6.833,6.119666666666667,5.8260000000000005,0.5070189564722627,0,2,28573696,send_recv,1,2
700,5.711,6.92,6.134666666666667,5.773,0.5558910764609276,0,2,28704768,send_recv,1,2
701,5.767,6.942,6.160666666666667,5.773,0.552491528341285,0,2,28835840,send_recv,1,2
702,5.767,6.931,6.2,5.902,0.5198249705429703,0,2,28966912,send_recv,1,2
703,5.808,6.955,6.563666666666666,6.928,0.5344507045140419,0,2,29097984,send_recv,1,2
704,5.8180000000000005,5.8950000000000005,5.865666666666667,5.884,0.034003267816817534,0,2,29229056,send_recv,1,2
705,7.041,7.125,7.086333333333333,7.093,0.034615346628658956,0,2,29360128,send_recv,1,2
706,6.9830000000000005,7.101,7.042333333333333,7.043,0.04817560470703888,0,2,29491200,send_recv,1,2
707,5.8740000000000006,5.922,5.9013333333333335,5.908,0.020154955277107655,0,2,29622272,send_recv,1,2
708,5.942,7.101,6.332,5.953,0.5437836579621225,0,2,29753344,send_recv,1,2
709,5.922,7.09,6.638333333333333,6.9030000000000005,0.5122449500862737,0,2,29884416,send_recv,1,2
710,5.957,7.154,6.480333333333334,6.33,0.500101545244119,0,2,30015488,send_recv,1,2
711,6.0120000000000005,7.252,6.479666666666667,6.175,0.5501613904624308,0,2,30146560,send_recv,1,2
712,6.081,7.298,6.4879999999999995,6.085,0.5727588206799321,0,2,30277632,send_recv,1,2
713,6.067,6.597,6.249,6.083,0.2461598396706228,0,2,30408704,send_recv,1,2
714,6.082,7.243,6.475999999999999,6.103,0.5424186574962188,0,2,30539776,send_recv,1,2
715,6.1290000000000004,7.343,6.877,7.159,0.5342234239217394,0,2,30670848,send_recv,1,2
716,6.149,7.53,7.020333333333333,7.382000000000001,0.6190812188683773,0,2,30801920,send_recv,1,2
717,6.191,7.133,6.647333333333333,6.618,0.3851288384712605,0,2,30932992,send_recv,1,2
718,7.389,7.5440000000000005,7.472666666666666,7.485,0.0638766171789195,0,2,31064064,send_recv,1,2
719,6.222,7.458,6.640000000000001,6.24,0.5784600245479371,0,2,31195136,send_recv,1,2
720,6.191,7.434,6.6193333333333335,6.2330000000000005,0.5763114512907833,0,2,31326208,send_recv,1,2
721,6.297,7.4910000000000005,6.718,6.3660000000000005,0.5473189198264575,0,2,31457280,send_recv,1,2
722,7.526,7.647,7.587,7.588,0.04940310381612358,0,2,31588352,send_recv,1,2
723,6.261,6.3740000000000006,6.329000000000001,6.352,0.04891489207456849,0,2,31719424,send_recv,1,2
724,6.371,7.705,6.833666666666666,6.425,0.6165199825544091,0,2,31850496,send_recv,1,2
725,6.394,7.705,6.854333333333334,6.464,0.6021906305776895,0,2,31981568,send_recv,1,2
726,6.4030000000000005,7.654,6.837,6.454,0.5780813091598793,0,2,32112640,send_recv,1,2
727,6.47,7.767,7.3196666666666665,7.722,0.6010858692584801,0,2,32243712,send_recv,1,2
728,6.445,7.755,6.888333333333333,6.465,0.6128802674439944,0,2,32374784,send_recv,1,2
729,6.481,6.538,6.516333333333333,6.53,0.025197001585285855,0,2,32505856,send_recv,1,2
730,7.836,7.924,7.875,7.865,0.036615115275889405,0,2,32636928,send_recv,1,2
731,7.722,7.907,7.81,7.801,0.07579357932349312,0,2,32768000,send_recv,1,2
732,6.525,6.605,6.578,6.604,0.03747888294315432,0,2,32899072,send_recv,1,2
733,6.641,7.947,7.499,7.909,0.6068959273768993,0,2,33030144,send_recv,1,2
734,7.932,8.048,7.982666666666667,7.968,0.048479090567194134,0,2,33161216,send_recv,1,2
735,6.639,8.006,7.1193333333333335,6.713,0.6276954321608176,0,2,33292288,send_recv,1,2
736,6.654,8.08,7.575333333333333,7.992,0.6524708592896868,0,2,33423360,send_recv,1,2
737,6.691,8.046,7.167333333333333,6.765000000000001,0.6220451930705853,0,2,33554432,send_recv,1,2
738,6.7090000000000005,8.048,7.1819999999999995,6.789,0.613224809239374,0,2,33685504,send_recv,1,2
739,8.103,8.233,8.155,8.129,0.056166419386201843,0,2,33816576,send_recv,1,2
740,8.059000000000001,8.174,8.116666666666667,8.117,0.04694914506380454,0,2,33947648,send_recv,1,2
741,6.793,8.144,7.265000000000001,6.8580000000000005,0.6221130658221756,0,2,34078720,send_recv,1,2
742,6.823,6.953,6.878,6.8580000000000005,0.05492419017761354,0,2,34209792,send_recv,1,2
743,6.97,8.275,7.824666666666666,8.229000000000001,0.6046323033234519,0,2,34340864,send_recv,1,2
744,6.8870000000000005,8.119,7.298666666666667,6.890000000000001,0.580064555794343,0,2,34471936,send_recv,1,2
745,6.869,8.368,7.846333333333334,8.302,0.6916040935551367,0,2,34603008,send_recv,1,2
746,6.937,8.363,7.863666666666667,8.291,0.6559112406077177,0,2,34734080,send_recv,1,2
747,6.915,7.421,7.095,6.949,0.230934334100988,0,2,34865152,send_recv,1,2
748,8.406,8.49,8.447000000000001,8.445,0.03432200460346088,0,2,34996224,send_recv,1,2
749,6.961,8.499,7.514666666666667,7.0840000000000005,0.6978377716601156,0,2,35127296,send_recv,1,2
750,7.04,7.099,7.0680000000000005,7.065,0.024179881444429566,0,2,35258368,send_recv,1,2
751,8.457,8.57,8.531666666666666,8.568,0.05280361940456528,0,2,35389440,send_recv,1,2
752,7.0920000000000005,7.142,7.11,7.096,0.022686266036231417,0,2,35520512,send_recv,1,2
753,7.1240000000000006,8.447000000000001,7.567333333333334,7.131,0.6220248298009406,0,2,35651584,send_recv,1,2
754,7.1370000000000005,7.234,7.190666666666668,7.2010000000000005,0.04026854300264094,0,2,35782656,send_recv,1,2
755,7.163,8.553,7.633,7.183,0.6505894762956645,0,2,35913728,send_recv,1,2
756,7.186,8.705,7.835000000000001,7.614,0.6395159627926943,0,2,36044800,send_recv,1,2
757,7.212,8.72,8.028,8.152000000000001,0.6218510003744202,0,2,36175872,send_recv,1,2
758,7.1930000000000005,8.669,7.698666666666668,7.234,0.6863334142787715,0,2,36306944,send_recv,1,2
759,7.265000000000001,8.64,7.734666666666667,7.299,0.6403178030391541,0,2,36438016,send_recv,1,2
760,7.381,8.781,8.308,8.762,0.6555338791143192,0,2,36569088,send_recv,1,2
761,7.3180000000000005,8.816,7.8340000000000005,7.368,0.6946788226703524,0,2,36700160,send_recv,1,2
762,7.357,8.272,7.699000000000001,7.468,0.40769841795130873,0,2,36831232,send_recv,1,2
763,7.3870000000000005,7.407,7.397333333333333,7.398000000000001,0.0081785627642567,0,2,36962304,send_recv,1,2
764,7.365,7.452,7.420999999999999,7.446,0.03967366884975458,0,2,37093376,send_recv,1,2
765,7.407,7.473,7.4366666666666665,7.43,0.02735365098523814,0,2,37224448,send_recv,1,2
766,7.413,7.494,7.466666666666666,7.493,0.03795025984393539,0,2,37355520,send_recv,1,2
767,7.498,7.578,7.526,7.502,0.036805796644912826,0,2,37486592,send_recv,1,2
768,7.54,9.038,8.061333333333332,7.606,0.6911330471688423,0,2,37617664,send_recv,1,2
769,7.545,8.969,8.025333333333334,7.562,0.6673091903724653,0,2,37748736,send_recv,1,2
770,7.525,7.627,7.577000000000001,7.579,0.04166533331199908,0,2,37879808,send_recv,1,2
771,7.563,9.181000000000001,8.631,9.149000000000001,0.7553030296951466,0,2,38010880,send_recv,1,2
772,7.5760000000000005,9.311,8.208666666666668,7.739,0.7823027262866693,0,2,38141952,send_recv,1,2
773,7.678,9.138,8.176,7.712,0.6803783261294165,0,2,38273024,send_recv,1,2
774,7.7860000000000005,9.218,8.738666666666667,9.212,0.6736415136323537,0,2,38404096,send_recv,1,2
775,7.687,9.268,8.221333333333334,7.7090000000000005,0.7401595924003299,0,2,38535168,send_recv,1,2
776,7.687,9.285,8.733333333333333,9.228,0.7402352478923319,0,2,38666240,send_recv,1,2
777,7.7620000000000005,9.382,8.83,9.346,0.7553330391290981,0,2,38797312,send_recv,1,2
778,7.805000000000001,9.369,8.843333333333334,9.356,0.7342317224297938,0,2,38928384,send_recv,1,2
779,9.442,9.491,9.466,9.465,0.02001665972800303,0,2,39059456,send_recv,1,2
780,7.78,7.908,7.8500000000000005,7.862,0.052940217856244885,0,2,39190528,send_recv,1,2
781,7.822,9.443,8.896,9.423,0.7594765741394968,0,2,39321600,send_recv,1,2
782,7.884,9.59,9.014000000000001,9.568,0.7990811389756777,0,2,39452672,send_recv,1,2
783,7.9030000000000005,9.576,8.47,7.931,0.7821436355725634,0,2,39583744,send_recv,1,2
784,7.886,7.96,7.935333333333333,7.96,0.03488393453853627,0,2,39714816,send_recv,1,2
785,7.930000000000001,8.154,8.014333333333333,7.9590000000000005,0.09946635388690739,0,2,39845888,send_recv,1,2
786,7.977,9.595,9.055333333333335,9.594,0.7624969216695602,0,2,39976960,send_recv,1,2
787,7.987,9.753,9.058,9.434000000000001,0.7684273984357057,0,2,40108032,send_recv,1,2
788,7.976,8.079,8.010666666666667,7.977,0.048320688000988876,0,2,40239104,send_recv,1,2
789,8.059000000000001,9.708,9.132666666666667,9.631,0.7598474993195816,0,2,40370176,send_recv,1,2
790,8.085,8.115,8.098,8.094,0.012569805089976398,0,2,40501248,send_recv,1,2
791,8.112,9.796,8.694333333333333,8.175,0.7794204399566523,0,2,40632320,send_recv,1,2
792,8.077,9.839,9.223666666666666,9.755,0.811540647301306,0,2,40763392,send_recv,1,2
793,8.201,8.216,8.211,8.216,0.007071067811864906,0,2,40894464,send_recv,1,2
794,8.177,8.317,8.248333333333333,8.251,0.05718585683735314,0,2,41025536,send_recv,1,2
795,8.133000000000001,9.928,9.321666666666667,9.904,0.840571366525307,0,2,41156608,send_recv,1,2
796,8.243,10.038,8.901,8.422,0.8072946591342386,0,2,41287680,send_recv,1,2
797,8.286,10.017,9.063333333333334,8.887,0.7175933543604079,0,2,41418752,send_recv,1,2
798,8.311,9.986,8.937666666666667,8.516,0.7459929996692704,0,2,41549824,send_recv,1,2
799,8.343,10.014,8.901333333333334,8.347,0.7867758398821242,0,2,41680896,send_recv,1,2
800,8.357,10.077,9.485666666666665,10.023,0.7983922733983732,0,2,41811968,send_recv,1,2
801,8.395,10.174,9.077666666666666,8.664,0.7829645940625638,0,2,41943040,send_recv,1,2
802,8.455,9.927,8.975,8.543000000000001,0.674123628622129,0,2,42074112,send_recv,1,2
803,8.429,10.097,8.989666666666666,8.443,0.7830237686189493,0,2,42205184,send_recv,1,2
804,8.419,8.423,8.421333333333333,8.422,0.0016996731711974658,0,2,42336256,send_recv,1,2
805,8.443,9.754,8.891,8.476,0.610381847698635,0,2,42467328,send_recv,1,2
806,8.472,10.211,9.1,8.617,0.7878227380995466,0,2,42598400,send_recv,1,2
807,10.179,10.367,10.256333333333336,10.223,0.08028836915906473,0,2,42729472,send_recv,1,2
808,8.555,10.274000000000001,9.140333333333333,8.592,0.801765690349882,0,2,42860544,send_recv,1,2
809,8.545,9.725,8.979,8.667,0.5298477768818762,0,2,42991616,send_recv,1,2
810,8.614,10.338000000000001,9.731333333333334,10.242,0.7910454404703241,0,2,43122688,send_recv,1,2
811,8.602,10.311,9.214666666666666,8.731,0.7770115114262393,0,2,43253760,send_recv,1,2
812,8.598,9.822000000000001,9.028666666666668,8.666,0.5616578634324955,0,2,43384832,send_recv,1,2
813,8.684000000000001,10.057,9.148000000000001,8.703,0.6428068657588115,0,2,43515904,send_recv,1,2
814,8.687,10.526,9.912,10.523,0.8662066727981264,0,2,43646976,send_recv,1,2
815,8.693,10.488,9.886333333333333,10.478,0.8438239679511887,0,2,43778048,send_recv,1,2
816,8.764,10.532,9.361,8.787,0.828075278381541,0,2,43909120,send_recv,1,2
817,8.764,10.608,9.390666666666666,8.8,0.8609101127424527,0,2,44040192,send_recv,1,2
818,8.802,10.623000000000001,9.436333333333334,8.884,0.8397675604329787,0,2,44171264,send_recv,1,2
819,8.91,10.742,9.549333333333333,8.996,0.8440731932454413,0,2,44302336,send_recv,1,2
820,8.934000000000001,10.671,10.083,10.644,0.8125404605310428,0,2,44433408,send_recv,1,2
821,8.828,10.685,9.464666666666666,8.881,0.8631772059599867,0,2,44564480,send_recv,1,2
822,8.870000000000001,10.779,10.139333333333335,10.769,0.8975634920284031,0,2,44695552,send_recv,1,2
823,8.958,10.387,9.436,8.963000000000001,0.6724616469856601,0,2,44826624,send_recv,1,2
824,9.118,10.814,9.976666666666667,9.998,0.6925534074872652,0,2,44957696,send_recv,1,2
825,9.039,10.868,10.239666666666666,10.812,0.849307299444017,0,2,45088768,send_recv,1,2
826,9.021,10.874,9.639000000000001,9.022,0.8732769701913974,0,2,45219840,send_recv,1,2
827,9.013,10.849,9.649,9.085,0.8490371016628189,0,2,45350912,send_recv,1,2
828,9.059000000000001,9.11,9.092333333333334,9.108,0.02358436393507779,0,2,45481984,send_recv,1,2
829,9.09,9.112,9.102666666666666,9.106,0.009285592184789495,0,2,45613056,send_recv,1,2
830,9.066,11.002,9.748,9.176,0.8878483353966863,0,2,45744128,send_recv,1,2
831,9.096,10.950000000000001,9.737,9.165000000000001,0.8581829641748899,0,2,45875200,send_recv,1,2
832,9.184000000000001,10.248,9.556,9.236,0.48977818108472937,0,2,46006272,send_recv,1,2
833,9.233,11.159,9.875666666666667,9.235,0.90745406985086,0,2,46137344,send_recv,1,2
834,11.131,11.153,11.140666666666666,11.138,0.009177266598624277,0,2,46268416,send_recv,1,2
835,9.24,11.032,9.859333333333334,9.306000000000001,0.8296382076276111,0,2,46399488,send_recv,1,2
836,9.238,11.200000000000001,9.952666666666667,9.42,0.8851219627197656,0,2,46530560,send_recv,1,2
837,9.287,9.36,9.319666666666665,9.312,0.030291179500896392,0,2,46661632,send_recv,1,2
838,9.282,9.339,9.312333333333335,9.316,0.02341414577178144,0,2,46792704,send_recv,1,2
839,9.394,9.545,9.454333333333333,9.424,0.06527037783115879,0,2,46923776,send_recv,1,2
840,9.303,11.318,10.045666666666667,9.516,0.903868107389322,0,2,47054848,send_recv,1,2
841,11.288,11.450000000000001,11.383666666666668,11.413,0.06931249686905139,0,2,47185920,send_recv,1,2
842,9.443,11.386000000000001,10.735999999999999,11.379,0.914293534192749,0,2,47316992,send_recv,1,2
843,11.318,11.448,11.395333333333333,11.42,0.05586491644036462,0,2,47448064,send_recv,1,2
844,9.5,10.907,9.978333333333333,9.528,0.6567659823373585,0,2,47579136,send_recv,1,2
845,11.456,11.543000000000001,11.491333333333332,11.475,0.037348211321145484,0,2,47710208,send_recv,1,2
846,9.518,10.339,9.808666666666667,9.569,0.3755798479980284,0,2,47841280,send_recv,1,2
847,9.625,11.601,10.927,11.555,0.9208445399016421,0,2,47972352,send_recv,1,2
848,9.518,10.344,9.837000000000002,9.649000000000001,0.3624702286625292,0,2,48103424,send_recv,1,2
849,9.665000000000001,11.654,10.328333333333335,9.666,0.9373879784924818,0,2,48234496,send_recv,1,2
850,11.536,11.717,11.632,11.643,0.07430118886442348,0,2,48365568,send_recv,1,2
851,9.681000000000001,9.727,9.699333333333334,9.69,0.019905331502444758,0,2,48496640,send_recv,1,2
852,9.83,11.658,10.444666666666667,9.846,0.8579810927727691,0,2,48627712,send_recv,1,2
853,9.673,9.734,9.707333333333333,9.715,0.025486379804820332,0,2,48758784,send_recv,1,2
854,9.708,11.812,11.07,11.69,0.9643664587005637,0,2,48889856,send_recv,1,2
855,9.781,10.708,10.108,9.835,0.42483643911510205,0,2,49020928,send_recv,1,2
856,9.803,11.947000000000001,11.21566666666667,11.897,0.999114719250108,0,2,49152000,send_recv,1,2
857,9.824,11.834,10.507,9.863,0.9384657692212326,0,2,49283072,send_recv,1,2
858,11.775,11.898,11.856333333333334,11.896,0.057517147201701646,0,2,49414144,send_recv,1,2
859,9.844,9.913,9.871666666666666,9.858,0.029780679792256282,0,2,49545216,send_recv,1,2
860,9.872,11.83,10.534333333333333,9.901,0.9162511785652571,0,2,49676288,send_recv,1,2
861,9.873,11.935,10.607333333333331,10.014,0.9405651965115921,0,2,49807360,send_recv,1,2
862,10.022,12.095,11.371333333333332,11.997,0.9549611975828594,0,2,49938432,send_recv,1,2
863,9.914,11.965,10.626333333333333,10.0,0.9472311697198784,0,2,50069504,send_recv,1,2
864,10.072000000000001,11.108,10.489000000000003,10.287,0.44641311211328294,0,2,50200576,send_recv,1,2
865,10.081,12.058,11.37,11.971,0.9121523995473565,0,2,50331648,send_recv,1,2
866,10.082,12.166,11.464333333333334,12.145,0.9774948706884459,0,2,50462720,send_recv,1,2
867,12.082,12.209,12.156666666666666,12.179,0.05419922098661114,0,2,50593792,send_recv,1,2
868,10.087,11.414,10.539,10.116,0.6188316949435174,0,2,50724864,send_recv,1,2
869,10.283,12.302,11.569333333333333,12.123000000000001,0.9125058295095377,0,2,50855936,send_recv,1,2
870,10.147,12.179,10.828666666666665,10.16,0.9548446063220036,0,2,50987008,send_recv,1,2
871,10.171,11.907,10.980666666666666,10.864,0.7135041851469566,0,2,51118080,send_recv,1,2
872,12.078,12.343,12.199999999999998,12.179,0.10920012210005403,0,2,51249152,send_recv,1,2
873,10.301,12.333,11.563,12.055,0.8995569279743592,0,2,51380224,send_recv,1,2
874,10.185,10.3,10.243333333333334,10.245000000000001,0.04696334267868466,0,2,51511296,send_recv,1,2
875,10.3,10.382,10.346666666666668,10.358,0.03442221504913452,0,2,51642368,send_recv,1,2
876,10.274000000000001,12.311,10.975333333333333,10.341000000000001,0.9448549565350693,0,2,51773440,send_recv,1,2
877,10.434000000000001,12.518,11.794333333333334,12.431000000000001,0.9625564341319882,0,2,51904512,send_recv,1,2
878,10.425,12.497,11.216333333333333,10.727,0.9139224377496276,0,2,52035584,send_recv,1,2
879,10.439,12.530000000000001,11.786333333333333,12.39,0.9544214070431483,0,2,52166656,send_recv,1,2
880,10.38,12.499,11.127333333333334,10.503,0.9712137881137305,0,2,52297728,send_recv,1,2
881,11.635,12.639000000000001,12.298666666666668,12.622,0.4693345170439622,0,2,52428800,send_recv,1,2
882,10.505,12.667,11.748666666666667,12.074,0.9121192660806781,0,2,52559872,send_recv,1,2
883,10.469,11.449,10.835333333333333,10.588000000000001,0.4366389304168325,0,2,52690944,send_recv,1,2
884,10.502,12.722,11.262666666666668,10.564,1.0322148785769147,0,2,52822016,send_recv,1,2
885,10.602,11.815,11.291333333333334,11.457,0.50887217342756,0,2,52953088,send_recv,1,2
886,10.592,12.844,12.062666666666667,12.752,1.0405964101845098,0,2,53084160,send_recv,1,2
887,12.552,12.709,12.641,12.662,0.06579260343432751,0,2,53215232,send_recv,1,2
888,10.769,12.863,11.649666666666667,11.317,0.8866451125199728,0,2,53346304,send_recv,1,2
889,12.836,12.928,12.896,12.924,0.042457822208241715,0,2,53477376,send_recv,1,2
890,10.712,12.4,11.524000000000001,11.46,0.690607462069928,0,2,53608448,send_recv,1,2
891,12.884,12.973,12.916666666666666,12.893,0.04000277768133398,0,2,53739520,send_recv,1,2
892,10.694,12.995000000000001,11.501,10.814,1.0575528355595292,0,2,53870592,send_recv,1,2
893,10.857000000000001,12.866,12.144,12.709,0.9123007545029574,0,2,54001664,send_recv,1,2
894,10.714,12.901,11.448,10.729000000000001,1.0274444023887614,0,2,54132736,send_recv,1,2
895,10.761000000000001,10.908,10.843333333333334,10.861,0.061298903379713776,0,2,54263808,send_recv,1,2
896,10.875,13.135,11.648666666666665,10.936,1.0512913751931743,0,2,54394880,send_recv,1,2
897,10.886000000000001,10.995000000000001,10.938333333333333,10.934000000000001,0.04460443425888905,0,2,54525952,send_recv,1,2
898,10.891,13.186,11.691,10.996,1.0579933837222233,0,2,54657024,send_recv,1,2
899,10.964,13.081,11.773333333333333,11.275,0.9333360714245547,0,2,54788096,send_recv,1,2
900,10.963000000000001,11.006,10.988,10.995000000000001,0.018239152027072367,0,2,54919168,send_recv,1,2
901,10.97,11.069,11.019333333333334,11.019,0.040417268036763224,0,2,55050240,send_recv,1,2
902,10.962,13.116,11.697333333333333,11.014,1.0033734211260643,0,2,55181312,send_recv,1,2
903,11.051,13.321,11.813,11.067,1.066337032399544,0,2,55312384,send_recv,1,2
904,11.102,13.404,12.464999999999998,12.889000000000001,0.9864525668610056,0,2,55443456,send_recv,1,2
905,11.041,11.459,11.229999999999999,11.19,0.17297591354482444,0,2,55574528,send_recv,1,2
906,11.13,11.151,11.141666666666666,11.144,0.008730533902472122,0,2,55705600,send_recv,1,2
907,11.120000000000001,11.225,11.179666666666668,11.194,0.04404795366668218,0,2,55836672,send_recv,1,2
908,11.187,13.494,12.662666666666667,13.307,1.0462429078479925,0,2,55967744,send_recv,1,2
909,11.221,13.424,12.651333333333334,13.309000000000001,1.012487475917055,0,2,56098816,send_recv,1,2
910,11.287,11.343,11.314333333333332,11.313,0.022881336402307006,0,2,56229888,send_recv,1,2
911,11.222,13.485,12.073,11.512,1.0054295930927566,0,2,56360960,send_recv,1,2
912,11.371,13.528,12.098999999999998,11.398,1.010515709922414,0,2,56492032,send_recv,1,2
913,11.555,13.547,12.873333333333335,13.518,0.932277617212575,0,2,56623104,send_recv,1,2
914,11.352,13.665000000000001,12.884666666666666,13.637,1.0838192756277323,0,2,56754176,send_recv,1,2
915,11.373000000000001,13.654,12.872666666666667,13.591000000000001,1.0607363270650982,0,2,56885248,send_recv,1,2
916,11.394,13.66,12.334333333333333,11.949,0.9643824736874658,0,2,57016320,send_recv,1,2
917,11.417,13.781,12.935333333333332,13.608,1.0759443397417094,0,2,57147392,send_recv,1,2
918,11.446,13.621,12.171999999999999,11.449,1.0245984579336438,0,2,57278464,send_recv,1,2
919,11.428,11.551,11.473333333333334,11.441,0.05517447074709634,0,2,57409536,send_recv,1,2
920,11.458,13.802,13.015,13.785,1.1009871328342882,0,2,57540608,send_recv,1,2
921,11.554,13.788,12.305000000000001,11.573,1.0486680440762304,0,2,57671680,send_recv,1,2
922,11.508000000000001,13.745000000000001,12.316333333333334,11.696,1.0131312298458128,0,2,57802752,send_recv,1,2
923,11.631,13.75,12.356666666666667,11.689,0.9855199417340856,0,2,57933824,send_recv,1,2
924,11.576,14.040000000000001,13.159,13.861,1.1217328856134454,0,2,58064896,send_recv,1,2
925,11.585,13.965,13.154666666666666,13.914,1.110117211028737,0,2,58195968,send_recv,1,2
926,11.619,14.017,12.442333333333332,11.691,1.113845391226069,0,2,58327040,send_recv,1,2
927,11.746,14.0,12.806,12.672,0.9250571153537852,0,2,58458112,send_recv,1,2
928,11.649000000000001,11.898,11.772,11.769,0.10167595585977984,0,2,58589184,send_recv,1,2
929,11.785,14.102,13.317,14.064,1.0833986646967342,0,2,58720256,send_recv,1,2
930,11.751,11.798,11.772333333333334,11.768,0.019430788855719732,0,2,58851328,send_recv,1,2
931,11.689,14.261000000000001,12.594666666666667,11.834,1.1797616520109293,0,2,58982400,send_recv,1,2
932,11.791,14.125,12.57,11.794,1.0995517268414432,0,2,59113472,send_recv,1,2
933,11.885,14.214,13.410333333333334,14.132,1.0790929318439426,0,2,59244544,send_recv,1,2
934,11.826,14.298,12.704666666666668,11.99,1.1286444179732702,0,2,59375616,send_recv,1,2
935,11.861,13.339,12.763,13.089,0.6459246602094292,0,2,59506688,send_recv,1,2
936,14.251,14.397,14.346666666666666,14.392,0.0676773390598526,0,2,59637760,send_recv,1,2
937,14.258000000000001,14.314,14.281,14.271,0.023930454794396382,0,2,59768832,send_recv,1,2
938,13.63,14.3,14.044333333333334,14.203000000000001,0.2956420508355032,0,2,59899904,send_recv,1,2
939,11.941,14.537,13.639666666666669,14.441,1.2017779421433155,0,2,60030976,send_recv,1,2
940,12.009,14.479000000000001,12.844333333333333,12.045,1.1559773161942046,0,2,60162048,send_recv,1,2
941,12.046,14.349,12.841999999999999,12.131,1.0661747824192183,0,2,60293120,send_recv,1,2
942,14.041,14.63,14.411333333333333,14.563,0.26328986983086844,0,2,60424192,send_recv,1,2
943,12.075000000000001,14.511000000000001,13.671000000000001,14.427,1.129063328604733,0,2,60555264,send_recv,1,2
944,12.181000000000001,14.618,13.778333333333334,14.536,1.1299812191162977,0,2,60686336,send_recv,1,2
945,14.608,14.68,14.634666666666666,14.616,0.032221455929585315,0,2,60817408,send_recv,1,2
946,12.15,14.647,13.001,12.206,1.164122273073867,0,2,60948480,send_recv,1,2
947,13.596,14.628,14.259,14.553,0.46981060013584214,0,2,61079552,send_recv,1,2
948,12.313,14.792,13.948666666666668,14.741,1.156778380772316,0,2,61210624,send_recv,1,2
949,12.245000000000001,14.737,13.867666666666667,14.621,1.1483754709250025,0,2,61341696,send_recv,1,2
950,12.15,12.242,12.197666666666668,12.201,0.03763272807307807,0,2,61472768,send_recv,1,2
951,13.485,14.72,14.304666666666668,14.709,0.5796092553513007,0,2,61603840,send_recv,1,2
952,12.255,14.684000000000001,13.128,12.445,1.1029889694220278,0,2,61734912,send_recv,1,2
953,12.333,14.814,13.977666666666666,14.786,1.1630111301655237,0,2,61865984,send_recv,1,2
954,12.365,14.286,13.558666666666667,14.025,0.8507488204843751,0,2,61997056,send_recv,1,2
955,12.631,14.769,14.046333333333331,14.739,1.0008667354959013,0,2,62128128,send_recv,1,2
956,12.422,14.835,14.020666666666665,14.805,1.1304943854595453,0,2,62259200,send_recv,1,2
957,12.506,14.901,13.646666666666667,13.533,0.9810526093040179,0,2,62390272,send_recv,1,2
958,12.521,13.714,12.924333333333335,12.538,0.5584217840386323,0,2,62521344,send_recv,1,2
959,13.312000000000001,15.048,14.445666666666668,14.977,0.8021472571929804,0,2,62652416,send_recv,1,2
960,12.605,14.355,13.197333333333333,12.632,0.8186681596077594,0,2,62783488,send_recv,1,2
961,12.611,15.001,14.182,14.934000000000001,1.1112014518829005,0,2,62914560,send_recv,1,2
962,12.665000000000001,15.062000000000001,13.485666666666669,12.73,1.1149518175937272,0,2,63045632,send_recv,1,2
963,12.57,15.229000000000001,13.487666666666668,12.664,1.2319064719188535,0,2,63176704,send_recv,1,2
964,12.641,12.728,12.695,12.716000000000001,0.03849675310984044,0,2,63307776,send_recv,1,2
965,12.561,15.065,13.994,14.356,1.0538143416497359,0,2,63438848,send_recv,1,2
966,12.759,13.694,13.075333333333333,12.773,0.43750073015812124,0,2,63569920,send_recv,1,2
967,12.77,15.262,13.602666666666666,12.776,1.1733284090805765,0,2,63700992,send_recv,1,2
968,12.658,15.307,13.570333333333332,12.746,1.2285341762532382,0,2,63832064,send_recv,1,2
969,12.773,14.984,13.559666666666667,12.922,1.0089910251775724,0,2,63963136,send_recv,1,2
970,12.779,12.847,12.810333333333332,12.805,0.028015868519267437,0,2,64094208,send_recv,1,2
971,12.855,15.474,13.738,12.885,1.2275984685555779,0,2,64225280,send_recv,1,2
972,12.774000000000001,12.933,12.879333333333335,12.931000000000001,0.07448638950991103,0,2,64356352,send_recv,1,2
973,12.859,13.035,12.937,12.917,0.07323023055177881,0,2,64487424,send_recv,1,2
974,12.893,13.069,12.989333333333335,13.006,0.07281178170842655,0,2,64618496,send_recv,1,2
975,12.862,12.986,12.927999999999999,12.936,0.05093787065304838,0,2,64749568,send_recv,1,2
976,12.906,13.117,13.022,13.043000000000001,0.08741090702347558,0,2,64880640,send_recv,1,2
977,13.111,15.523,14.706666666666669,15.486,1.1284078261968151,0,2,65011712,send_recv,1,2
978,12.941,13.083,13.018,13.030000000000001,0.05858896369340088,0,2,65142784,send_recv,1,2
979,15.64,15.809000000000001,15.725333333333333,15.727,0.06900402564746191,0,2,65273856,send_recv,1,2
980,13.087,15.643,13.946,13.108,1.1999908332983218,0,2,65404928,send_recv,1,2
981,12.935,15.765,13.935,13.105,1.2958652193290268,0,2,65536000,send_recv,1,2
982,13.14,15.704,14.013666666666667,13.197000000000001,1.1954726633800077,0,2,65667072,send_recv,1,2
983,13.143,13.166,13.154000000000002,13.153,0.009416297927883566,0,2,65798144,send_recv,1,2
984,13.19,14.133000000000001,13.518,13.231,0.43519267763447855,0,2,65929216,send_recv,1,2
985,13.181000000000001,15.669,14.056000000000003,13.318,1.1419337400509133,0,2,66060288,send_recv,1,2
986,14.251,15.895,15.222333333333333,15.521,0.7036027919848593,0,2,66191360,send_recv,1,2
987,14.918000000000001,15.977,15.572666666666668,15.823,0.4671690153348021,0,2,66322432,send_recv,1,2
988,13.16,14.956,14.010666666666665,13.916,0.736263237949278,0,2,66453504,send_recv,1,2
989,13.372,15.992,14.907000000000002,15.357000000000001,1.1159375729254157,0,2,66584576,send_recv,1,2
990,13.348,16.051000000000002,15.138666666666666,16.017,1.266268621668492,0,2,66715648,send_recv,1,2
991,13.441,16.151,14.613999999999999,14.25,1.135898176187754,0,2,66846720,send_recv,1,2
992,13.336,15.005,13.922000000000002,13.425,0.766658115894345,0,2,66977792,send_recv,1,2
993,13.362,16.071,14.288666666666666,13.433,1.2606332623813414,0,2,67108864,send_recv,1,2
